"","PID","HHID","Sex","Ethnicity","Age","BMI","Grip","Religion","ReligionPublic","ReligionPrivate","GodInequality","EducationYears","PeaceVote","AbortionLegal","QueerMarriageOK","DrugsLegal","GiveOther","LeaveOther","ReduceOther","ChildrenAlive","hh_wealth","RelPub","RelPri","GodIneq","community"
"1","AB9","VJR","F","AFROCOLOMBIAN",40.4166666666667,29.2159763313609,"24.325","CATHOLIC","AFEWTIMESPERWEEK","AFEWTIMESPERWEEK","YES",7,"AGREE","DISAGREE","DISAGREE","DISAGREE",12,114,0,3,25270,1,2,1,"coastal"
"2","AJJ","ZGP","F","AFROCOLOMBIAN",43.9166666666667,35.5972746545137,"27.25","CATHOLIC","AFEWTIMESPERYEAR","EVERYDAY","DONTKNOW",9,"AGREE","AGREE","DISAGREE","DISAGREE",15,113,0,0,11840,2,1,2,"coastal"
"3","AMU","RXP","M","EMBERA",28.25,24.2424242424242,"28.35","NONE","AFEWTIMESPERYEAR","AFEWTIMESPERWEEK","YES",14,"AGREE","AGREE","AGREE","DISAGREE",15,90,0,3,520,2,2,1,"coastal"
"4","AY9","C7R","M","AFROCOLOMBIAN",38.25,34.4938864785399,"32.325","CATHOLIC","AFEWTIMESPERMONTH","AFEWTIMESPERWEEK","NO",11,"AGREE","DISAGREE","DISAGREE","AGREE",15,105,3,2,14820,2,2,2,"coastal"
"5","B7D","GYQ","F","AFROCOLOMBIAN",82.75,20.8333333333333,"12.45","CATHOLIC","ONCEPERWEEK","EVERYDAY","YES",0,"DONTKNOW","DISAGREE","DONTKNOW","DISAGREE",10,96,2,5,1323,1,1,1,"coastal"
"6","BFX","CW2","F","AFROCOLOMBIAN",43.3333333333333,29.169033378997,"38.075","CATHOLIC","AFEWTIMESPERMONTH","AFEWTIMESPERWEEK","YES",3,"AGREE","AGREE","DISAGREE","DISAGREE",11,83,0,5,17020,2,2,1,"coastal"
"7","C23","VWH","F","EMBERA",34,28.2416963783074,"12.95","NONE","AFEWTIMESPERWEEK","NEVER","YES",0,"AGREE","DISAGREE","AGREE","DISAGREE",12,48,0,7,2090,1,2,1,"coastal"
"8","CHC","FES","M","AFROCOLOMBIAN",31.4166666666667,24.6631801052536,"33.6","CATHOLIC","AFEWTIMESPERYEAR","EVERYDAY","YES",11,"AGREE","DISAGREE","DISAGREE","DISAGREE",11,107,3,1,8654,2,1,1,"coastal"
"9","CKE","GUF","M","EMBERA",29.8333333333333,21.7047344719867,"37.3","SPIRITUAL","NEVER","EVERYDAY","YES",3,"AGREE","DISAGREE","DISAGREE","DISAGREE",5,0,10,4,4720,2,1,1,"coastal"
"10","D34","MRC","F","AFROCOLOMBIAN",20.6666666666667,19.8285531164877,"23.1","SPIRITUAL","NEVER","NEVER","NO",11,"AGREE","DISAGREE","AGREE","DISAGREE",13,54,0,1,4880,2,2,2,"coastal"
"11","DSD","KRB","F","AFROCOLOMBIAN",46.1666666666667,27.5533392248453,"39.15","CATHOLIC","AFEWTIMESPERYEAR","NEVER","NO",11,"AGREE","DISAGREE","DISAGREE","DISAGREE",12,107,2,3,6540,2,2,2,"coastal"
"12","DUB","FRN","M","AFROCOLOMBIAN",36.1666666666667,27.0061728395062,"41.075","CATHOLIC","ONCEPERWEEK","MORETHANONCEPERDAY","YES",9,"DISAGREE","DISAGREE","AGREE","DISAGREE",15,3,0,3,12986,1,1,1,"coastal"
"13","DWH","JFC","M","EMBERA",35.8333333333333,24.0955004591368,"43.975","NONE","NEVER","NEVER","UNKNOWN",0,"DONTKNOW","DONTKNOW","DONTKNOW","DONTKNOW",14,100,0,1,320,2,2,2,"coastal"
"14","DY7","V73","F","EMBERA",39.5,25.8203335126412,"20.775","CATHOLIC","AFEWTIMESPERYEAR","NEVER","YES",0,"AGREE","AGREE","DISAGREE","DISAGREE",10,58,0,8,1527,2,2,1,"coastal"
"15","DYG","W99","M","AFROCOLOMBIAN",29.9166666666667,30.2914232819432,"58.45","SPIRITUAL","AFEWTIMESPERYEAR","AFEWTIMESPERMONTH","NO",5,"AGREE","DISAGREE","AGREE","AGREE",15,105,0,1,5880,2,2,2,"coastal"
"16","E1F","VV1","F","AFROCOLOMBIAN",40.9166666666667,26.2204081632653,"37.925","CATHOLIC","AFEWTIMESPERYEAR","AFEWTIMESPERMONTH","YES",7,"DONTKNOW","DISAGREE","DISAGREE","DISAGREE",11,106,5,5,5420,2,2,1,"coastal"
"17","ERD","DUZ","F","AFROCOLOMBIAN",53.5833333333333,28.7638443750254,"21.225","CATHOLIC","ONCEPERWEEK","AFEWTIMESPERWEEK","YES",2,"AGREE","DISAGREE","DISAGREE","DISAGREE",10,99,0,3,15880,1,2,1,"coastal"
"18","F06","ZGP","M","AFROCOLOMBIAN",49.5833333333333,29.2,"31.9","CATHOLIC","ONCEPERWEEK","MORETHANONCEPERDAY","YES",5,"AGREE","DISAGREE","DISAGREE","DONTKNOW",15,113,0,1,11840,1,1,1,"coastal"
"19","F3C","MRC","M","AFROCOLOMBIAN",51.5,25.8953168044077,"37.475","CATHOLIC","AFEWTIMESPERYEAR","EVERYDAY","YES",3,"AGREE","AGREE","DISAGREE","DISAGREE",11,65,0,5,4880,2,1,1,"coastal"
"20","F6V","MME","F","AFROCOLOMBIAN",31.8333333333333,18.329632278219,"19.75","CATHOLIC","AFEWTIMESPERMONTH","MORETHANONCEPERDAY","YES",11,"AGREE","DISAGREE","DISAGREE","DISAGREE",9,115,0,3,820,2,1,1,"coastal"
"21","FCZ","MRC","F","AFROCOLOMBIAN",40.75,34.6020761245675,"30.925","CATHOLIC","AFEWTIMESPERMONTH","EVERYDAY","YES",6,"AGREE","DISAGREE","DISAGREE","DISAGREE",12,69,0,11,4880,2,1,1,"coastal"
"22","FF2","BN0","F","AFROCOLOMBIAN",33.6666666666667,24.0505852685461,"30.275","CATHOLIC","AFEWTIMESPERYEAR","EVERYDAY","NO",10,"AGREE","AGREE","AGREE","DISAGREE",10,110,0,4,11505,2,1,2,"coastal"
"23","FKB","GV4","M","AFROCOLOMBIAN",52.5833333333333,19.814196545217,"37.575","CATHOLIC","AFEWTIMESPERMONTH","NEVER","YES",0,"AGREE","DISAGREE","AGREE","AGREE",15,106,5,3,14270,2,2,1,"coastal"
"24","G0A","W99","F","AFROCOLOMBIAN",35.9166666666667,35.418783568007,"29.975","CHRISTIAN","AFEWTIMESPERWEEK","EVERYDAY","YES",17,"AGREE","DISAGREE","DISAGREE","DISAGREE",15,64,6,3,5880,1,1,1,"coastal"
"25","GC2","C7R","F","AFROCOLOMBIAN",39.75,31.0516691168561,"35.125","CATHOLIC","ONCEPERWEEK","AFEWTIMESPERWEEK","YES",5,"AGREE","DISAGREE","AGREE","AGREE",15,114,0,2,14820,1,2,1,"coastal"
"26","GEB","QJH","M","MESTIZO",70,20.3460207612457,"32.575","PENTECOSTAL","MORETHANONCEPERWEEK","MORETHANONCEPERDAY","NO",5,"DISAGREE","DISAGREE","DISAGREE","AGREE",15,93,0,7,9320,1,1,2,"coastal"
"27","GKN","KSG","F","EMBERA",30.8333333333333,21.0786011080332,"23.55","NONE","AFEWTIMESPERMONTH","NEVER","NO",0,"AGREE","DISAGREE","DISAGREE","DISAGREE",14,101,0,6,220,2,2,2,"coastal"
"28","H7Z","FFN","M","AFROCOLOMBIAN",68.0833333333333,19.9172693733284,"31.741325136612","CATHOLIC","AFEWTIMESPERYEAR","AFEWTIMESPERMONTH","NO",2,"DONTKNOW","DISAGREE","DISAGREE","DISAGREE",4,29,1,9,19050,2,2,2,"coastal"
"29","HAF","VWH","M","EMBERA",31.6666666666667,24.6137409598948,"38.1","NONE","AFEWTIMESPERYEAR","EVERYDAY","NO",0,"AGREE","DISAGREE","AGREE","DISAGREE",11,105,0,7,2090,2,1,2,"coastal"
"30","HAN","FES","M","AFROCOLOMBIAN",33.4166666666667,25.5805121527778,"62.75","CATHOLIC","AFEWTIMESPERMONTH","AFEWTIMESPERMONTH","NO",8,"AGREE","DISAGREE","DISAGREE","AGREE",8,108,2,0,8654,2,2,2,"coastal"
"31","JAX","QJH","F","AFROCOLOMBIAN",68.75,24.0166493236212,"22.85","PENTECOSTAL","MORETHANONCEPERWEEK","EVERYDAY","YES",3,"DISAGREE","DISAGREE","DISAGREE","AGREE",14,4,0,7,9320,1,1,1,"coastal"
"32","JEB","G09","F","AFROCOLOMBIAN",33.75,30.6965761511216,"20.5","CATHOLIC","AFEWTIMESPERWEEK","EVERYDAY","DONTKNOW",3,"DISAGREE","DISAGREE","DISAGREE","DISAGREE",11,66,0,5,5820,1,1,2,"coastal"
"33","JGV","PJZ","F","MESTIZO",62.4166666666667,26.440598839245,"13.3","CATHOLIC","ONCEPERWEEK","AFEWTIMESPERWEEK","YES",2,"DONTKNOW","DISAGREE","DISAGREE","DISAGREE",13,100,0,3,4960,1,2,1,"coastal"
"34","JPE","V73","M","EMBERA",40.0833333333333,22.0886198695506,"27.275","CATHOLIC","AFEWTIMESPERMONTH","AFEWTIMESPERMONTH","NO",0,"AGREE","AGREE","DISAGREE","AGREE",7,74,1,8,1527,2,2,2,"coastal"
"35","JUS","GV4","F","AFROCOLOMBIAN",45.4166666666667,31.4452812049351,"29.725","CATHOLIC","AFEWTIMESPERWEEK","AFEWTIMESPERWEEK","YES",0,"AGREE","DISAGREE","DISAGREE","DISAGREE",15,104,1,5,14270,1,2,1,"coastal"
"36","JZU","VYV","F","EMBERA",59.75,20.1113211510187,"11.15","NONE","NEVER","NEVER","UNKNOWN",0,"DONTKNOW","DONTKNOW","DONTKNOW","DONTKNOW",10,0,1,3,20,2,2,2,"coastal"
"37","K4E","YS0","F","AFROCOLOMBIAN",19.3333333333333,19.1735537190083,"26.775","EVANGELICAL","AFEWTIMESPERMONTH","AFEWTIMESPERMONTH","YES",10,"AGREE","AGREE","DONTKNOW","DISAGREE",15,94,0,1,32040,2,2,1,"coastal"
"38","K71","KRB","M","AFROCOLOMBIAN",45.6666666666667,29.4784580498866,"45.525","SPIRITUAL","NEVER","EVERYDAY","YES",7,"AGREE","DISAGREE","DISAGREE","DISAGREE",15,115,0,3,6540,2,1,1,"coastal"
"39","M19","ZGP","M","AFROCOLOMBIAN",50.5833333333333,26.0317687977339,"34.625","CATHOLIC","AFEWTIMESPERYEAR","NEVER","YES",5,"AGREE","DISAGREE","AGREE","DISAGREE",10,114,0,3,11840,2,2,1,"coastal"
"40","MBS","VV1","M","AFROCOLOMBIAN",45.9166666666667,25.0297609963066,"53.925","CATHOLIC","AFEWTIMESPERYEAR","EVERYDAY","YES",11,"AGREE","AGREE","DISAGREE","AGREE",14,114,1,2,5420,2,1,1,"coastal"
"41","MK3","GV4","F","AFROCOLOMBIAN",32.0833333333333,25.2894185996839,"24.125","EVANGELICAL","AFEWTIMESPERYEAR","EVERYDAY","NO",3,"AGREE","DISAGREE","DISAGREE","AGREE",14,110,0,3,14270,2,1,2,"coastal"
"42","MYQ","FES","F","AFROCOLOMBIAN",35.75,34.1030330742265,"23.7","CATHOLIC","AFEWTIMESPERMONTH","EVERYDAY","DONTKNOW",12,"AGREE","DISAGREE","AGREE","DISAGREE",15,111,1,5,8654,2,1,2,"coastal"
"43","N3A","HF3","F","EMBERA",22.3333333333333,25.4780184850115,"26.15","NONE","NEVER","EVERYDAY","YES",5,"AGREE","DISAGREE","DISAGREE","DISAGREE",8,53,0,2,1480,2,1,1,"coastal"
"44","N67","DA9","F","EMBERA",19.4166666666667,26.0709960169312,"24.775","SPIRITUAL","NEVER","EVERYDAY","YES",0,"DISAGREE","DISAGREE","DISAGREE","DISAGREE",8,70,0,3,572,2,1,1,"coastal"
"45","N6Q","CW2","M","AFROCOLOMBIAN",41.4166666666667,29.79152040536,"45.875","NONE","AFEWTIMESPERYEAR","NEVER","YES",5,"AGREE","DISAGREE","AGREE","DISAGREE",11,109,2,6,17020,2,2,1,"coastal"
"46","NCW","DA9","M","EMBERA",26.4166666666667,26.857073309262,"47.55","NONE","NEVER","NEVER","NO",10,"DISAGREE","DISAGREE","DISAGREE","DISAGREE",9,80,0,3,572,2,2,2,"coastal"
"47","ND3","MEN","F","AFROCOLOMBIAN",39.75,31.6712225468941,"33.075","CATHOLIC","AFEWTIMESPERMONTH","EVERYDAY","YES",8,"AGREE","DISAGREE","DISAGREE","AGREE",10,11,1,7,20,2,1,1,"coastal"
"48","NK4","RK8","F","AFROCOLOMBIAN",24.3333333333333,31.5723517474212,"33.2","CATHOLIC","AFEWTIMESPERYEAR","AFEWTIMESPERWEEK","YES",9,"DISAGREE","DISAGREE","AGREE","DISAGREE",14,17,3,3,4828,2,2,1,"coastal"
"49","NR7","E8V","F","AFROCOLOMBIAN",19,35.4191263282172,"25.15","EVANGELICAL","AFEWTIMESPERMONTH","AFEWTIMESPERMONTH","YES",9,"DISAGREE","DISAGREE","AGREE","DISAGREE",12,92,10,1,3120,2,2,1,"coastal"
"50","P4Z","AN7","M","EMBERA",40.4166666666667,23.7515485497031,"30.45","NONE","NEVER","NEVER","DONTKNOW",1,"DONTKNOW","DISAGREE","DISAGREE","DONTKNOW",14,56,0,5,310,2,2,2,"coastal"
"51","P5W","YS0","M","AFROCOLOMBIAN",25.25,20.9567901234568,"54.125","CATHOLIC","AFEWTIMESPERMONTH","AFEWTIMESPERMONTH","DONTKNOW",2,"AGREE","DISAGREE","AGREE","AGREE",13,115,0,1,32040,2,2,2,"coastal"
"52","P64","MT4","F","AFROCOLOMBIAN",33.9166666666667,28.5787517621428,"20.55","EVANGELICAL","AFEWTIMESPERMONTH","AFEWTIMESPERMONTH","NO",7,"DONTKNOW","DISAGREE","DISAGREE","DISAGREE",0,58,5,3,4620,2,2,2,"coastal"
"53","PN5","V5D","F","AFROCOLOMBIAN",52.8333333333333,25.7963988919668,"22.625","NONE","NEVER","EVERYDAY","YES",0,"DISAGREE","DISAGREE","AGREE","DISAGREE",15,100,8,4,2460,2,1,1,"coastal"
"54","QD1","PJZ","M","MESTIZO",59.9166666666667,28.1826293872695,"34.35","CATHOLIC","AFEWTIMESPERMONTH","EVERYDAY","YES",0,"DISAGREE","DISAGREE","DISAGREE","DISAGREE",15,96,0,3,4960,2,1,1,"coastal"
"55","QZM","CW2","F","AFROCOLOMBIAN",19.3333333333333,21.7469387755102,"32.175","CATHOLIC","AFEWTIMESPERMONTH","AFEWTIMESPERMONTH","NO",11,"AGREE","DONTKNOW","AGREE","DISAGREE",15,115,0,0,17020,2,2,2,"coastal"
"56","R7H","T2Z","M","EMBERA",38.5833333333333,25.4774469475038,"41.275","NONE","NEVER","NEVER","DONTKNOW",0,"DISAGREE","DISAGREE","DISAGREE","DISAGREE",10,66,1,8,4130,2,2,2,"coastal"
"57","S0H","B6F","F","AFROCOLOMBIAN",34.4166666666667,22.9122593137079,"29.9","CATHOLIC","AFEWTIMESPERMONTH","EVERYDAY","DONTKNOW",11,"AGREE","DISAGREE","DISAGREE","DONTKNOW",10,94,0,5,7800,2,1,2,"coastal"
"58","S64","J44","M","MESTIZO",45.3333333333333,27.3324075243025,"51.4","NONE","AFEWTIMESPERYEAR","NEVER","NO",18,"DISAGREE","AGREE","AGREE","AGREE",15,115,0,3,102720,2,2,2,"coastal"
"59","SNZ","GTD","F","EMBERA",28.3333333333333,23.0224321133412,"15.4","CATHOLIC","AFEWTIMESPERMONTH","AFEWTIMESPERMONTH","YES",0,"AGREE","DISAGREE","AGREE","DISAGREE",14,5,6,5,40,2,2,1,"coastal"
"60","SYE","ZGP","M","AFROCOLOMBIAN",78.75,25.5931751532925,"25.225","CATHOLIC","AFEWTIMESPERYEAR","AFEWTIMESPERMONTH","YES",0,"AGREE","DISAGREE","DISAGREE","DISAGREE",14,114,0,10,11840,2,2,1,"coastal"
"61","T01","WPW","M","AFROCOLOMBIAN",20.5,26.9486996123302,"45","CATHOLIC","AFEWTIMESPERYEAR","AFEWTIMESPERMONTH","YES",11,"AGREE","AGREE","AGREE","AGREE",15,100,0,1,16130,2,2,1,"coastal"
"62","T1B","CYJ","M","AFROCOLOMBIAN",44.5,24.0073868882733,"52.175","NONE","NEVER","AFEWTIMESPERMONTH","DONTKNOW",0,"AGREE","DISAGREE","DISAGREE","DISAGREE",14,82,0,7,16520,2,2,2,"coastal"
"63","T4Y","R9R","F","AFROCOLOMBIAN",65.75,29.7190426638918,"15.625","CATHOLIC","ONCEPERWEEK","EVERYDAY","DONTKNOW",3,"AGREE","DISAGREE","DISAGREE","DISAGREE",11,115,0,7,17720,1,1,2,"coastal"
"64","T91","KSG","M","EMBERA",29.8333333333333,28.8531775018262,"38.975","SPIRITUAL","AFEWTIMESPERMONTH","AFEWTIMESPERMONTH","NO",3,"AGREE","DISAGREE","DISAGREE","DISAGREE",15,100,0,6,220,2,2,2,"coastal"
"65","TDD","RTT","M","AFROCOLOMBIAN",22.5833333333333,22.5350334553718,"47.625","CATHOLIC","AFEWTIMESPERYEAR","AFEWTIMESPERWEEK","YES",12,"DISAGREE","DISAGREE","DISAGREE","AGREE",9,80,5,0,10077,2,2,1,"coastal"
"66","TM1","RXP","F","EMBERA",19.6666666666667,27.4801890963507,"15.75","SPIRITUAL","AFEWTIMESPERYEAR","AFEWTIMESPERWEEK","YES",2,"AGREE","DISAGREE","DISAGREE","DISAGREE",15,105,0,1,520,2,2,1,"coastal"
"67","U0H","FWX","F","MESTIZO",33.5833333333333,23.9750260145682,"35.75","SEVENTH DAY ADVENTIST","AFEWTIMESPERMONTH","EVERYDAY","YES",3,"DISAGREE","DISAGREE","DISAGREE","AGREE",10,103,2,3,8670,2,1,1,"coastal"
"68","U0J","HN1","F","AFROCOLOMBIAN",45.3333333333333,34.5292457755368,"23.85","CATHOLIC","ONCEPERWEEK","EVERYDAY","YES",1,"AGREE","DISAGREE","AGREE","AGREE",0,62,0,5,8480,1,1,1,"coastal"
"69","UNT","HMJ","F","EMBERA",24,23.179617585212,"19.6","CATHOLIC","AFEWTIMESPERYEAR","NEVER","NO",13,"DISAGREE","DISAGREE","DISAGREE","AGREE",15,114,0,2,4520,2,2,2,"coastal"
"70","V1C","GUF","F","EMBERA",27.75,27.8260025009409,"22.3","NONE","NEVER","NEVER","YES",4,"DONTKNOW","DISAGREE","DISAGREE","DISAGREE",14,83,10,3,4720,2,2,1,"coastal"
"71","VCT","FFN","F","AFROCOLOMBIAN",35.8333333333333,25.4934210526316,"31.741325136612","EVANGELICAL","ONCEPERWEEK","EVERYDAY","YES",1,"DISAGREE","DISAGREE","AGREE","DISAGREE",8,45,2,10,19050,1,1,1,"coastal"
"72","VSX","VYV","M","EMBERA",52.9166666666667,24.5161290322581,"24.525","NONE","NEVER","NEVER","UNKNOWN",0,"DONTKNOW","DISAGREE","DISAGREE","DISAGREE",7,0,0,3,20,2,2,2,"coastal"
"73","VWW","ABX","F","AFROCOLOMBIAN",54.6666666666667,26.850815940743,"27.35","CATHOLIC","AFEWTIMESPERYEAR","AFEWTIMESPERMONTH","NO",2,"AGREE","DISAGREE","DISAGREE","DISAGREE",8,0,0,5,420,2,2,2,"coastal"
"74","WCK","E8V","M","AFROCOLOMBIAN",22.5,21.2094432521146,"52.675","SPIRITUAL","AFEWTIMESPERMONTH","EVERYDAY","NO",6,"AGREE","AGREE","AGREE","AGREE",14,95,10,1,3120,2,1,2,"coastal"
"75","WQE","FWX","M","AFROCOLOMBIAN",43.25,27.6253619875019,"40.325","NONE","AFEWTIMESPERMONTH","AFEWTIMESPERMONTH","NO",6,"AGREE","DISAGREE","DISAGREE","DISAGREE",11,99,5,5,8670,2,2,2,"coastal"
"76","X1J","ZGP","F","AFROCOLOMBIAN",82.75,26.8433949654711,"14.1","CATHOLIC","AFEWTIMESPERMONTH","EVERYDAY","YES",0,"DONTKNOW","DISAGREE","DISAGREE","DISAGREE",15,114,0,10,11840,2,1,1,"coastal"
"77","X2X","FRN","F","MESTIZO",34.0833333333333,29.4107349182452,"35.2","CATHOLIC","ONCEPERWEEK","EVERYDAY","YES",9,"DISAGREE","AGREE","AGREE","DISAGREE",15,84,1,3,12986,1,1,1,"coastal"
"78","X4C","CBH","M","AFROCOLOMBIAN",41,21.940638556849,"37.875","CATHOLIC","AFEWTIMESPERMONTH","AFEWTIMESPERMONTH","YES",8,"AGREE","AGREE","DISAGREE","DISAGREE",13,103,1,4,12670,2,2,1,"coastal"
"79","X9J","YS0","F","AFROCOLOMBIAN",19.8333333333333,21.9928009176852,"33.775","CATHOLIC","AFEWTIMESPERWEEK","AFEWTIMESPERWEEK","YES",10,"AGREE","DISAGREE","AGREE","AGREE",14,95,1,1,32040,1,2,1,"coastal"
"80","XTG","FES","M","AFROCOLOMBIAN",58.1666666666667,23.9692893480228,"45.75","CATHOLIC","AFEWTIMESPERMONTH","AFEWTIMESPERWEEK","YES",5,"AGREE","DISAGREE","DISAGREE","DISAGREE",15,69,7,1,8654,2,2,1,"coastal"
"81","XVF","HMJ","F","EMBERA",22.3333333333333,26.655560183257,"17.8","CATHOLIC","AFEWTIMESPERMONTH","AFEWTIMESPERMONTH","YES",8,"AGREE","DISAGREE","DONTKNOW","DISAGREE",10,4,0,3,4520,2,2,1,"coastal"
"82","XXM","FES","F","AFROCOLOMBIAN",87.8333333333333,24.7675659198293,"10.6","CATHOLIC","ONCEPERWEEK","EVERYDAY","DONTKNOW",1,"AGREE","DISAGREE","DISAGREE","DISAGREE",14,12,3,1,8654,1,1,2,"coastal"
"83","YCU","JJP","F","AFROCOLOMBIAN",49.3333333333333,24.8301193755739,"28.425","CATHOLIC","AFEWTIMESPERYEAR","EVERYDAY","DONTKNOW",5,"AGREE","DISAGREE","DISAGREE","DISAGREE",11,51,0,2,3820,2,1,2,"coastal"
"84","YGN","HN1","M","AFROCOLOMBIAN",64.6666666666667,25.4779248315721,"41.75","CATHOLIC","AFEWTIMESPERYEAR","AFEWTIMESPERWEEK","NO",5,"AGREE","DISAGREE","DISAGREE","AGREE",0,91,0,6,8480,2,2,2,"coastal"
"85","YX3","RK8","M","AFROCOLOMBIAN",36.5,28.4511540136449,"54.3","NONE","NEVER","NEVER","NO",4,"AGREE","AGREE","AGREE","DISAGREE",13,82,7,3,4828,2,2,2,"coastal"
"86","Z6V","WV2","F","AFROCOLOMBIAN",48,32.6833215861331,"35.9","CATHOLIC","AFEWTIMESPERWEEK","EVERYDAY","DONTKNOW",2,"AGREE","DISAGREE","DISAGREE","DISAGREE",12,114,0,4,2020,1,1,2,"coastal"
"87","Z8V","ZGP","M","AFROCOLOMBIAN",44.3333333333333,22.98026648676,"36.575","CATHOLIC","AFEWTIMESPERYEAR","EVERYDAY","NO",6,"AGREE","AGREE","DISAGREE","DISAGREE",15,86,1,1,11840,2,1,2,"coastal"
"88","ZAT","ABX","M","AFROCOLOMBIAN",60.0833333333333,28.1777777777778,"14.625","CATHOLIC","AFEWTIMESPERYEAR","AFEWTIMESPERMONTH","DONTKNOW",0,"DISAGREE","DISAGREE","AGREE","AGREE",5,18,10,5,420,2,2,2,"coastal"
"89","ZGA","RTT","F","AFROCOLOMBIAN",56.6666666666667,29.8844518047348,"24.8","CATHOLIC","ONCEPERWEEK","AFEWTIMESPERWEEK","NO",3,"DONTKNOW","AGREE","DONTKNOW","AGREE",12,65,0,9,10077,1,2,2,"coastal"
"90","ZVF","GDV","F","AFROCOLOMBIAN",31.8333333333333,32.3807082745952,"23.575","SPIRITUAL","AFEWTIMESPERYEAR","AFEWTIMESPERWEEK","NO",5,"DONTKNOW","DONTKNOW","DONTKNOW","DONTKNOW",5,96,0,2,14050,2,2,2,"coastal"
"91","ZVQ","FWX","F","MESTIZO",55.1666666666667,32.5917590027701,"15.95","CATHOLIC","AFEWTIMESPERWEEK","AFEWTIMESPERWEEK","YES",15,"AGREE","AGREE","AGREE","AGREE",15,88,0,4,8670,1,2,1,"coastal"
"92","ZWP","GTD","M","MESTIZO",27.5,23.5482395976223,"45.025","NONE","NEVER","NEVER","YES",3,"AGREE","DONTKNOW","AGREE","DISAGREE",15,71,1,4,40,2,2,1,"coastal"
"93","ZZQ","AHT","F","AFROCOLOMBIAN",23.3333333333333,25.7166047246785,"26.325","EVANGELICAL","AFEWTIMESPERWEEK","EVERYDAY","YES",9,"DISAGREE","DISAGREE","DISAGREE","AGREE",9,25,0,2,2462,1,1,1,"coastal"
"94","FUT","HF3","M","EMBERA",23.9166666666667,25.4934210526316,"36.075","NONE","NEVER","NEVER","UNKNOWN",10,"AGREE","AGREE","DISAGREE","DISAGREE",NA,NA,NA,1,1480,2,2,2,"coastal"
"95","KE0","RTT","F","AFROCOLOMBIAN",30.1666666666667,33.892781489327,"26.55","CATHOLIC","ONCEPERWEEK","EVERYDAY","NO",15,"AGREE","AGREE","AGREE","AGREE",NA,NA,NA,1,10077,1,1,2,"coastal"
"96","QVY","DUZ","M","AFROCOLOMBIAN",55.1666666666667,27.0163363790989,"30.625","EVANGELICAL","MORETHANONCEPERWEEK","AFEWTIMESPERWEEK","YES",1,"DISAGREE","DISAGREE","DISAGREE","DONTKNOW",NA,NA,NA,3,15880,1,2,1,"coastal"
"97","N64","GYQ","M","AFROCOLOMBIAN",24.5833333333333,25.003302946228,"44.8","CATHOLIC","AFEWTIMESPERYEAR","AFEWTIMESPERWEEK","YES",6,"AGREE","AGREE","DISAGREE","DISAGREE",NA,NA,NA,0,1323,2,2,1,"coastal"
"98","W90","MT4","M","AFROCOLOMBIAN",31.4166666666667,20.985049383831,"20.55","SPIRITUAL","AFEWTIMESPERYEAR","AFEWTIMESPERWEEK","YES",8,"AGREE","DISAGREE","DISAGREE","AGREE",NA,NA,NA,2,4620,2,2,1,"coastal"
"99","CV9","NKA","M","AFROCOLOMBIAN",23.5,22.8615311909263,"47.325","EVANGELICAL","AFEWTIMESPERMONTH","EVERYDAY","YES",7,"DONTKNOW","DISAGREE","DISAGREE","DISAGREE",NA,NA,NA,0,9581,2,1,1,"coastal"
"100","FGN","WPW","F","AFROCOLOMBIAN",23,24.1510186115656,"21.225","CHRISTIAN","AFEWTIMESPERWEEK","EVERYDAY","YES",14,"AGREE","DISAGREE","DISAGREE","DISAGREE",NA,NA,NA,0,16130,1,1,1,"coastal"
"101","Y15","TNN","F","EMBERA",62.9166666666667,24.2421475529584,"25.525","NONE","NEVER","EVERYDAY","YES",0,"AGREE","DISAGREE","DISAGREE","DISAGREE",NA,NA,NA,10,80,2,1,1,"coastal"
"102","SSD","TNN","M","EMBERA",62.3333333333333,24.2878013148283,"22.3","NONE","NEVER","AFEWTIMESPERWEEK","NO",0,"AGREE","DISAGREE","DISAGREE","DISAGREE",NA,NA,NA,10,80,2,2,2,"coastal"
"103","TUE","VJR","M","AFROCOLOMBIAN",34.1666666666667,30.0759777318721,"46.875","NONE","AFEWTIMESPERYEAR","AFEWTIMESPERMONTH","DONTKNOW",3,"AGREE","DISAGREE","DONTKNOW","DISAGREE",NA,NA,NA,2,25270,2,2,2,"coastal"
"104","X58","MC0","F","AFROCOLOMBIAN",19.5833333333333,27.3593975324467,"24.05","NONE","NEVER","NEVER","NO",9,"DISAGREE","AGREE","AGREE","DISAGREE",NA,NA,NA,1,6872,2,2,2,"coastal"
"105","KJ2","KN7","F","AFROCOLOMBIAN",33.25,30.8596318211703,"21.4","CATHOLIC","AFEWTIMESPERWEEK","NEVER","NO",2,"AGREE","AGREE","AGREE","DISAGREE",NA,NA,NA,3,720,1,2,2,"coastal"
"106","Q0Z","SAY","F","EMBERA",26.6666666666667,22.7220139756583,"25.75","NONE","NEVER","NEVER","DONTKNOW",0,"DONTKNOW","DISAGREE","AGREE","DISAGREE",NA,NA,NA,2,220,2,2,2,"coastal"
"107","K3V","SAY","M","EMBERA",28,24.9740824004939,"40.225","NONE","NEVER","NEVER","NO",0,"AGREE","DISAGREE","AGREE","DISAGREE",NA,NA,NA,2,220,2,2,2,"coastal"
"108","YBV","WPW","M","AFROCOLOMBIAN",64,24.7611053719008,"23.175","CATHOLIC","AFEWTIMESPERMONTH","AFEWTIMESPERWEEK","DONTKNOW",3,"AGREE","DISAGREE","DISAGREE","AGREE",NA,NA,NA,11,16130,2,2,2,"coastal"
"109","WT6","E8V","F","AFROCOLOMBIAN",45.5,19.9652777777778,"32.05","NONE","AFEWTIMESPERMONTH","EVERYDAY","NO",1,"AGREE","DISAGREE","DISAGREE","AGREE",NA,NA,NA,4,3120,2,1,2,"coastal"
"110","HE7","EX4","M","AFROCOLOMBIAN",25.6666666666667,25.3069320474676,"52.4","NONE","AFEWTIMESPERMONTH","EVERYDAY","NO",5,"AGREE","DISAGREE","DISAGREE","DISAGREE",NA,NA,NA,0,9525,2,1,2,"coastal"
"111","M9X","KN7","M","AFROCOLOMBIAN",36.6666666666667,27.0251888434551,"39.175","SPIRITUAL","AFEWTIMESPERYEAR","AFEWTIMESPERMONTH","DONTKNOW",5,"DONTKNOW","DISAGREE","DISAGREE","DISAGREE",NA,NA,NA,3,720,2,2,2,"coastal"
"112","X2C","R9R","M","AFROEMBERA",18.4166666666667,25.4934210526316,"31.741325136612","CHRISTIAN","AFEWTIMESPERYEAR","AFEWTIMESPERMONTH","YES",9,"AGREE","DISAGREE","DISAGREE","DISAGREE",NA,NA,NA,0,17720,2,2,1,"coastal"
"113","HGH","JJP","M","AFROCOLOMBIAN",47.75,23.1849147502729,"30.575","CATHOLIC","ONCEPERWEEK","EVERYDAY","NO",6,"AGREE","DISAGREE","DISAGREE","DISAGREE",NA,NA,NA,6,3820,1,1,2,"coastal"
"114","ME6","AN7","F","EMBERA",42.8333333333333,25.9183673469388,"18.9","NONE","NEVER","NEVER","UNKNOWN",0,"DONTKNOW","AGREE","DISAGREE","DONTKNOW",NA,NA,NA,5,310,2,2,2,"coastal"
"115","T0N","T2Z","F","EMBERA",39.5833333333333,25.3421940091252,"23.5","NONE","NEVER","NEVER","NO",0,"DONTKNOW","DISAGREE","AGREE","DISAGREE",NA,NA,NA,8,4130,2,2,2,"coastal"
"116","G2Y","MC0","M","AFROCOLOMBIAN",22.75,25.1278305332359,"70.425","CHRISTIAN","AFEWTIMESPERYEAR","NEVER","NO",7,"DONTKNOW","DISAGREE","DISAGREE","AGREE",NA,NA,NA,2,6872,2,2,2,"coastal"
"117","Y9Y","N87","F","AFROCOLOMBIAN",19.0833333333333,21.8741347256833,"23.125","CATHOLIC","AFEWTIMESPERYEAR","EVERYDAY","NO",10,"DISAGREE","DONTKNOW","DONTKNOW","DISAGREE",NA,NA,NA,2,2020,2,1,2,"coastal"
"118","A19","STP","M","MESTIZO",47.1666666666667,27.3967383020881,"36.325","CATHOLIC","AFEWTIMESPERMONTH","EVERYDAY","YES",11,"AGREE","DISAGREE","DISAGREE","DISAGREE",15,72,0,3,22430,2,1,1,"lowland"
"119","A1J","BA6","F","AFROCOLOMBIAN",67.9166666666667,18.7304890738814,"17.95","CATHOLIC","AFEWTIMESPERMONTH","AFEWTIMESPERWEEK","NO",2,"AGREE","DISAGREE","DISAGREE","DISAGREE",17,6,0,10,10393,2,2,2,"lowland"
"120","AGQ","MJX","M","EMBERA",26.0833333333333,25.9697567389875,"37.575","CATHOLIC","AFEWTIMESPERMONTH","EVERYDAY","NO",3,"AGREE","DISAGREE","DISAGREE","DISAGREE",15,18,0,2,830,2,1,2,"lowland"
"121","AGT","TRZ","M","MESTIZO",38.3333333333333,29.1650151935526,"60.1","NONE","NEVER","NEVER","NO",7,"DISAGREE","DISAGREE","DISAGREE","DISAGREE",18,145,0,6,25610,2,2,2,"lowland"
"122","AJW","BHJ","F","AFROCOLOMBIAN",57.75,33.8198647205411,"25.05","CATHOLIC","ONCEPERWEEK","EVERYDAY","YES",11,"AGREE","DISAGREE","DISAGREE","DISAGREE",17,0,0,4,3850,1,1,1,"lowland"
"123","ASY","BPA","F","EMBERA",26.25,23.2285197320162,"26.025","NONE","ONCEPERWEEK","EVERYDAY","YES",3,"DONTKNOW","DISAGREE","DONTKNOW","DISAGREE",17,77,0,4,350,1,1,1,"lowland"
"124","AZE","WSC","F","AFROCOLOMBIAN",60.1666666666667,30.9140330236521,"28.05","CATHOLIC","ONCEPERWEEK","EVERYDAY","YES",5,"AGREE","DISAGREE","AGREE","DISAGREE",17,150,0,4,7520,1,1,1,"lowland"
"125","B5X","JV3","M","AFROCOLOMBIAN",88.75,20.956607495069,"9.15","NONE","NEVER","EVERYDAY","YES",5,"AGREE","DISAGREE","DISAGREE","DISAGREE",20,81,0,4,3760,2,1,1,"lowland"
"126","C3P","PCW","F","AFROCOLOMBIAN",31.25,34.7866419294991,"32.275","NONE","AFEWTIMESPERMONTH","AFEWTIMESPERWEEK","YES",7,"AGREE","DISAGREE","DONTKNOW","DISAGREE",10,50,0,5,3620,2,2,1,"lowland"
"127","C8A","VPT","F","AFROCOLOMBIAN",26.0833333333333,22.0703125,"22.85","CATHOLIC","AFEWTIMESPERMONTH","EVERYDAY","YES",11,"DISAGREE","DISAGREE","DISAGREE","DISAGREE",19,38,2,0,3990,2,1,1,"lowland"
"128","CAQ","RMA","M","AFROCOLOMBIAN",36.5,24.1975308641975,"69.625","NONE","AFEWTIMESPERYEAR","EVERYDAY","YES",4,"AGREE","DISAGREE","AGREE","DISAGREE",10,73,1,1,1530,2,1,1,"lowland"
"129","CFR","QNG","F","EMBERA",49.8333333333333,23.0102040816327,"17.575","NONE","AFEWTIMESPERMONTH","EVERYDAY","YES",0,"DONTKNOW","DONTKNOW","DONTKNOW","DONTKNOW",20,122,0,4,90,2,1,1,"lowland"
"130","CK7","ZDG","F","AFROCOLOMBIAN",35.0833333333333,24.2274603603256,"33.3","NONE","AFEWTIMESPERYEAR","EVERYDAY","NO",14,"AGREE","DISAGREE","DISAGREE","DISAGREE",19,115,0,2,6130,2,1,2,"lowland"
"131","CNS","RND","F","MESTIZO",65.6666666666667,27.6020408163265,"16.25","CATHOLIC","ONCEPERWEEK","EVERYDAY","YES",1,"AGREE","DISAGREE","DISAGREE","DISAGREE",17,98,0,5,1820,1,1,1,"lowland"
"132","CRM","NVT","F","AFROCOLOMBIAN",61.1666666666667,34.8651120256058,"24.075","CATHOLIC","MORETHANONCEPERWEEK","EVERYDAY","YES",5,"DONTKNOW","DISAGREE","DONTKNOW","DISAGREE",16,100,0,4,6250,1,1,1,"lowland"
"133","CRN","XAE","M","AFROCOLOMBIAN",66.1666666666667,25.2597814828427,"24","CATHOLIC","ONCEPERWEEK","AFEWTIMESPERWEEK","YES",0,"AGREE","DISAGREE","DISAGREE","DISAGREE",16,75,1,18,4130,1,2,1,"lowland"
"134","CZE","CH2","F","AFROCOLOMBIAN",69.1666666666667,21.9428007889546,"25.45","NONE","ONCEPERWEEK","EVERYDAY","NO",0,"DISAGREE","DISAGREE","DISAGREE","DISAGREE",18,83,0,5,3190,1,1,2,"lowland"
"135","D3H","PWK","F","AFROCOLOMBIAN",70.3333333333333,31.3048961758479,"22.175","CATHOLIC","AFEWTIMESPERYEAR","EVERYDAY","DONTKNOW",5,"DONTKNOW","DISAGREE","DISAGREE","DISAGREE",5,65,0,7,15430,2,1,2,"lowland"
"136","D7G","AZJ","M","AFROCOLOMBIAN",49.9166666666667,22.0761245674741,"51.95","CATHOLIC","AFEWTIMESPERYEAR","EVERYDAY","NO",1,"AGREE","DISAGREE","DONTKNOW","DONTKNOW",5,49,0,4,4350,2,1,2,"lowland"
"137","D88","VC0","M","AFROCOLOMBIAN",76.9166666666667,22.4323025156225,"27.15","CATHOLIC","AFEWTIMESPERYEAR","EVERYDAY","YES",2,"AGREE","DISAGREE","DISAGREE","DISAGREE",14,101,3,6,630,2,1,1,"lowland"
"138","E09","VPT","F","AFROCOLOMBIAN",22.9166666666667,33.7982014936747,"21.1","CATHOLIC","AFEWTIMESPERMONTH","EVERYDAY","YES",11,"AGREE","DISAGREE","DISAGREE","DISAGREE",20,133,1,1,3990,2,1,1,"lowland"
"139","E22","SHE","F","AFROCOLOMBIAN",18.6666666666667,24.4493754109139,"25.45","CATHOLIC","AFEWTIMESPERYEAR","AFEWTIMESPERWEEK","YES",11,"AGREE","AGREE","AGREE","AGREE",7,28,0,0,5040,2,2,1,"lowland"
"140","ED1","R3P","F","EMBERA",25.75,24.64664755294,"20.35","UNKNOWN","UNKNOWN","UNKNOWN","UNKNOWN",0,"DONTKNOW","DONTKNOW","DONTKNOW","DONTKNOW",19,112,0,4,30,2,2,2,"lowland"
"141","ETK","T34","F","AFROCOLOMBIAN",27.3333333333333,33.1589446347247,"26.05","CATHOLIC","AFEWTIMESPERYEAR","AFEWTIMESPERMONTH","YES",11,"AGREE","DISAGREE","AGREE","DISAGREE",13,0,1,4,5420,2,2,1,"lowland"
"142","EV5","FTF","F","AFROCOLOMBIAN",67.75,17.6568623034998,"12.675","CATHOLIC","AFEWTIMESPERMONTH","NEVER","YES",0,"AGREE","DISAGREE","DISAGREE","DISAGREE",10,1,0,6,60,2,2,1,"lowland"
"143","F32","CPH","F","AFROCOLOMBIAN",45.3333333333333,26.4970454288833,"24.75","NONE","AFEWTIMESPERYEAR","EVERYDAY","YES",5,"AGREE","DISAGREE","DISAGREE","DISAGREE",10,135,0,3,12430,2,1,1,"lowland"
"144","F60","GRD","F","EMBERA",29.8333333333333,27.5986999840162,"19.9","CATHOLIC","ONCEPERWEEK","EVERYDAY","YES",2,"AGREE","DONTKNOW","DISAGREE","DONTKNOW",18,39,0,3,2880,1,1,1,"lowland"
"145","FBD","CPH","M","AFROCOLOMBIAN",55.8333333333333,26.6965009066008,"47.7","CATHOLIC","AFEWTIMESPERYEAR","EVERYDAY","YES",5,"AGREE","DISAGREE","DISAGREE","DISAGREE",16,146,4,3,12430,2,1,1,"lowland"
"146","FEE","WRW","M","AFROCOLOMBIAN",30.1666666666667,23.9376717226843,"47.85","NONE","AFEWTIMESPERYEAR","EVERYDAY","YES",17,"AGREE","DISAGREE","DISAGREE","AGREE",15,150,0,5,4831,2,1,1,"lowland"
"147","G6E","ZMQ","F","EMBERA",58.8333333333333,22.4494649227111,"19.2","CATHOLIC","AFEWTIMESPERMONTH","EVERYDAY","YES",0,"DONTKNOW","DONTKNOW","DONTKNOW","DONTKNOW",19,66,0,8,210,2,1,1,"lowland"
"148","GDP","CF9","F","AFROCOLOMBIAN",56.5,29.7441375771096,"26.225","CATHOLIC","AFEWTIMESPERMONTH","EVERYDAY","YES",3,"AGREE","DISAGREE","DISAGREE","DISAGREE",18,82,15,6,4810,2,1,1,"lowland"
"149","GS3","STP","F","AFROCOLOMBIAN",36.5,33.6105988181716,"27.5","CATHOLIC","ONCEPERWEEK","EVERYDAY","DONTKNOW",13,"AGREE","DISAGREE","DISAGREE","DISAGREE",9,58,6,3,22430,1,1,2,"lowland"
"150","GYG","SNX","F","AFROCOLOMBIAN",33.0833333333333,21.9363474122546,"30","NONE","AFEWTIMESPERYEAR","EVERYDAY","YES",11,"AGREE","DISAGREE","AGREE","DISAGREE",10,5,0,5,1542,2,1,1,"lowland"
"151","H1H","FFK","F","AFROCOLOMBIAN",51.6666666666667,35.7564513408669,"33.5","CATHOLIC","ONCEPERWEEK","EVERYDAY","YES",3,"DONTKNOW","DISAGREE","DONTKNOW","AGREE",19,144,0,3,3455,1,1,1,"lowland"
"152","H71","VC0","F","AFROCOLOMBIAN",39.9166666666667,28.4341496647424,"16.675","CATHOLIC","MORETHANONCEPERWEEK","EVERYDAY","YES",5,"DONTKNOW","DISAGREE","DISAGREE","DONTKNOW",13,131,0,8,630,1,1,1,"lowland"
"153","H8T","TFU","M","AFROCOLOMBIAN",62.4166666666667,27.6096673391084,"29.475","CATHOLIC","AFEWTIMESPERMONTH","EVERYDAY","YES",6,"AGREE","DISAGREE","DISAGREE","DISAGREE",16,121,0,4,4830,2,1,1,"lowland"
"154","HAS","BPA","M","EMBERA",24.5,22.127114449588,"39.275","CATHOLIC","AFEWTIMESPERYEAR","AFEWTIMESPERWEEK","YES",11,"DONTKNOW","DISAGREE","AGREE","DISAGREE",16,49,1,4,350,2,2,1,"lowland"
"155","HNS","HXQ","F","AFROCOLOMBIAN",64.25,31.5574244820802,"21.4","CATHOLIC","ONCEPERWEEK","EVERYDAY","NO",0,"AGREE","DISAGREE","DISAGREE","DISAGREE",13,104,1,1,4830,1,1,2,"lowland"
"156","HXU","XCK","M","AFROCOLOMBIAN",61.5,23.8330046022354,"34.525","CATHOLIC","AFEWTIMESPERYEAR","EVERYDAY","YES",0,"AGREE","DISAGREE","DISAGREE","DISAGREE",19,72,0,6,2830,2,1,1,"lowland"
"157","J1N","NUZ","F","AFROCOLOMBIAN",42.0833333333333,25.292634273025,"38.225","NONE","NEVER","EVERYDAY","YES",15,"DISAGREE","AGREE","AGREE","DONTKNOW",18,149,3,5,4450,2,1,1,"lowland"
"158","JAM","WRW","F","MESTIZO",24.8333333333333,26.1593341260404,"22.8","CHRISTIAN","NEVER","AFEWTIMESPERWEEK","YES",11,"DISAGREE","AGREE","AGREE","AGREE",13,26,0,2,4831,2,2,1,"lowland"
"159","JFJ","TH5","F","AFROCOLOMBIAN",28,33.6171813549468,"28.875","CATHOLIC","AFEWTIMESPERYEAR","EVERYDAY","NO",13,"DISAGREE","AGREE","AGREE","AGREE",10,150,0,0,16030,2,1,2,"lowland"
"160","JSP","TEC","M","EMBERA",56.9166666666667,22.1292611865002,"24.15","CATHOLIC","AFEWTIMESPERMONTH","EVERYDAY","YES",0,"DONTKNOW","DISAGREE","AGREE","DISAGREE",19,83,2,5,30,2,1,1,"lowland"
"161","JVY","FTF","M","AFROCOLOMBIAN",28.75,23.3138790924128,"43.125","CATHOLIC","AFEWTIMESPERYEAR","NEVER","NO",6,"AGREE","DISAGREE","DISAGREE","AGREE",7,23,0,0,60,2,2,2,"lowland"
"162","K3W","FED","M","AFROCOLOMBIAN",26.1666666666667,24.4388858842618,"63.65","NONE","NEVER","EVERYDAY","YES",15,"AGREE","AGREE","AGREE","DISAGREE",20,149,0,0,71630,2,1,1,"lowland"
"163","K7R","TH5","M","MESTIZO",22.6666666666667,27.1832474567314,"38.875","CATHOLIC","NEVER","AFEWTIMESPERWEEK","YES",9,"AGREE","AGREE","AGREE","AGREE",20,0,0,0,16030,2,2,1,"lowland"
"164","KGA","YMX","F","AFROCOLOMBIAN",31.75,21.0395573789002,"25.45","NONE","AFEWTIMESPERYEAR","EVERYDAY","YES",3,"AGREE","DISAGREE","DONTKNOW","DISAGREE",14,58,0,7,6180,2,1,1,"lowland"
"165","KKA","R0N","M","AFROCOLOMBIAN",75.4166666666667,24.4389202058751,"43.325","CATHOLIC","ONCEPERWEEK","EVERYDAY","YES",0,"AGREE","DISAGREE","DISAGREE","DISAGREE",18,28,1,9,2035,1,1,1,"lowland"
"166","KMT","VPT","F","AFROCOLOMBIAN",47.8333333333333,31.5581854043392,"28.625","CATHOLIC","ONCEPERWEEK","EVERYDAY","YES",5,"DISAGREE","DISAGREE","DISAGREE","DISAGREE",14,47,0,5,3990,1,1,1,"lowland"
"167","KU1","WFD","F","AFROCOLOMBIAN",36.75,25.3936230867067,"26.8","NONE","AFEWTIMESPERYEAR","EVERYDAY","DONTKNOW",6,"AGREE","DISAGREE","AGREE","DISAGREE",14,125,0,3,7535,2,1,2,"lowland"
"168","KUK","SAT","M","AFROCOLOMBIAN",69.25,24.8240607821855,"47","CATHOLIC","NEVER","EVERYDAY","YES",0,"AGREE","DISAGREE","DISAGREE","DISAGREE",18,150,0,4,3165,2,1,1,"lowland"
"169","MC7","JZQ","F","AFROCOLOMBIAN",39.5833333333333,34.006243496358,"38.675","CATHOLIC","AFEWTIMESPERYEAR","AFEWTIMESPERWEEK","YES",1,"AGREE","DISAGREE","AGREE","DISAGREE",18,35,0,5,5230,2,2,1,"lowland"
"170","MCC","KUX","F","AFROCOLOMBIAN",52.3333333333333,33.1047912694227,"37.9","NONE","AFEWTIMESPERMONTH","EVERYDAY","YES",5,"AGREE","DISAGREE","AGREE","DISAGREE",0,35,10,6,5210,2,1,1,"lowland"
"171","MP1","JV3","F","AFROCOLOMBIAN",63.5833333333333,20.0624349635796,"26.825","CATHOLIC","AFEWTIMESPERMONTH","AFEWTIMESPERWEEK","YES",5,"AGREE","DISAGREE","AGREE","DISAGREE",19,23,2,3,3760,2,2,1,"lowland"
"172","MTY","AC9","M","AFROCOLOMBIAN",65.4166666666667,23.7228106518761,"39.575","NONE","AFEWTIMESPERYEAR","EVERYDAY","YES",2,"AGREE","AGREE","AGREE","AGREE",19,3,7,4,3080,2,1,1,"lowland"
"173","N06","ZHH","F","AFROCOLOMBIAN",18.6666666666667,24.819197896121,"17.35","CATHOLIC","AFEWTIMESPERYEAR","EVERYDAY","NO",9,"DISAGREE","DISAGREE","AGREE","AGREE",13,55,0,1,13230,2,1,2,"lowland"
"174","N49","CPH","F","AFROCOLOMBIAN",27.8333333333333,21.9859777472946,"28.175","CHRISTIAN","AFEWTIMESPERMONTH","AFEWTIMESPERWEEK","DONTKNOW",14,"DISAGREE","DISAGREE","DISAGREE","DISAGREE",19,136,0,1,12430,2,2,2,"lowland"
"175","NA9","FXG","F","AFROCOLOMBIAN",53.75,23.4468702937171,"23.35","CATHOLIC","ONCEPERWEEK","EVERYDAY","YES",1,"DISAGREE","DISAGREE","AGREE","DISAGREE",18,84,0,5,5130,1,1,1,"lowland"
"176","NCD","K87","F","AFROCOLOMBIAN",68.25,33.2342203319658,"23.45","NONE","ONCEPERWEEK","EVERYDAY","YES",1,"AGREE","DISAGREE","DISAGREE","DISAGREE",20,23,6,2,3540,1,1,1,"lowland"
"177","NE0","KGH","F","AFROCOLOMBIAN",34.6666666666667,25.7631978411199,"23.025","EVANGELICAL","MORETHANONCEPERWEEK","EVERYDAY","YES",13,"DISAGREE","DISAGREE","DISAGREE","DISAGREE",20,33,0,2,12330,1,1,1,"lowland"
"178","NG9","KCG","M","AFROCOLOMBIAN",89,23.7737839263256,"21.725","CATHOLIC","NEVER","EVERYDAY","YES",1,"AGREE","DISAGREE","DISAGREE","DISAGREE",15,150,0,3,420,2,1,1,"lowland"
"179","NQ5","AC9","F","AFROCOLOMBIAN",61.3333333333333,25.3799962469507,"17.975","CATHOLIC","ONCEPERWEEK","EVERYDAY","YES",3,"AGREE","AGREE","DISAGREE","DISAGREE",20,151,15,4,3080,1,1,1,"lowland"
"180","NRM","SUQ","M","AFROCOLOMBIAN",73.6666666666667,26.4380708219837,"28.65","JEHOVAHS WITNESS","AFEWTIMESPERMONTH","EVERYDAY","YES",2,"AGREE","DISAGREE","DISAGREE","DISAGREE",15,113,0,13,2140,2,1,1,"lowland"
"181","NTK","TCM","M","AFROCOLOMBIAN",54.6666666666667,19.2743764172336,"39.175","CATHOLIC","AFEWTIMESPERYEAR","EVERYDAY","YES",5,"AGREE","DISAGREE","DISAGREE","DISAGREE",16,135,6,7,5230,2,1,1,"lowland"
"182","NX0","PCC","F","AFROCOLOMBIAN",77.3333333333333,30.5559587748585,"16.375","CATHOLIC","AFEWTIMESPERMONTH","EVERYDAY","DONTKNOW",0,"AGREE","DISAGREE","DISAGREE","DISAGREE",10,8,0,7,1530,2,1,2,"lowland"
"183","P3N","ZFK","M","AFROCOLOMBIAN",31.75,19.7551020408163,"45.9","NONE","AFEWTIMESPERYEAR","EVERYDAY","YES",0,"DONTKNOW","DISAGREE","AGREE","AGREE",12,2,0,6,30,2,1,1,"lowland"
"184","PAK","CP1","F","AFROCOLOMBIAN",20.1666666666667,20.177197180366,"32.075","CATHOLIC","AFEWTIMESPERMONTH","EVERYDAY","YES",11,"DISAGREE","AGREE","AGREE","DISAGREE",3,6,0,1,11030,2,1,1,"lowland"
"185","Q1P","B2X","F","AFROCOLOMBIAN",32.4166666666667,26.1479591836735,"29.925","NONE","AFEWTIMESPERYEAR","EVERYDAY","YES",1,"AGREE","DISAGREE","DISAGREE","DISAGREE",13,120,0,5,3330,2,1,1,"lowland"
"186","Q6C","BZ3","F","AFROCOLOMBIAN",41.75,36.1842105263158,"31.75","CATHOLIC","AFEWTIMESPERYEAR","EVERYDAY","YES",6,"DISAGREE","DISAGREE","DISAGREE","DISAGREE",18,15,2,9,13540,2,1,1,"lowland"
"187","QQ9","X48","F","AFROCOLOMBIAN",43.9166666666667,32.023693831274,"33.4","CATHOLIC","AFEWTIMESPERYEAR","AFEWTIMESPERMONTH","DONTKNOW",11,"AGREE","DISAGREE","DISAGREE","DISAGREE",19,110,0,4,6641,2,2,2,"lowland"
"188","QZ7","CP1","F","AFROCOLOMBIAN",25.25,32.8947368421053,"41.525","CATHOLIC","AFEWTIMESPERMONTH","AFEWTIMESPERWEEK","YES",11,"DISAGREE","AGREE","AGREE","DISAGREE",6,46,0,2,11030,2,2,1,"lowland"
"189","R5F","M5U","F","AFROCOLOMBIAN",64.9166666666667,24.2028270874425,"32.025","CATHOLIC","AFEWTIMESPERMONTH","EVERYDAY","YES",4,"AGREE","DISAGREE","AGREE","DISAGREE",17,97,0,7,3610,2,1,1,"lowland"
"190","R6N","EYC","M","MESTIZO",68.8333333333333,29.2006582402577,"42.9","CHRISTIAN","NEVER","EVERYDAY","YES",1,"AGREE","DISAGREE","DISAGREE","DISAGREE",19,56,0,0,2130,2,1,1,"lowland"
"191","RBV","R0N","F","AFROCOLOMBIAN",65.3333333333333,28.9560249307479,"25.525","CATHOLIC","ONCEPERWEEK","EVERYDAY","YES",0,"AGREE","DISAGREE","DISAGREE","DISAGREE",18,7,0,9,2035,1,1,1,"lowland"
"192","RG0","SHE","F","AFROCOLOMBIAN",34,26.0108481262327,"25.275","CATHOLIC","AFEWTIMESPERYEAR","AFEWTIMESPERWEEK","NO",11,"DISAGREE","DISAGREE","AGREE","AGREE",6,7,0,2,5040,2,2,2,"lowland"
"193","RHW","ZHH","F","AFROCOLOMBIAN",37.3333333333333,24.0529705869105,"25.55","NONE","AFEWTIMESPERMONTH","NEVER","YES",5,"AGREE","AGREE","AGREE","DISAGREE",10,0,0,5,13230,2,2,1,"lowland"
"194","RME","ZEH","M","EMBERA",34.6666666666667,22.8733727810651,"38.625","CATHOLIC","AFEWTIMESPERYEAR","AFEWTIMESPERMONTH","YES",0,"AGREE","DISAGREE","DISAGREE","DISAGREE",10,65,0,6,2250,2,2,1,"lowland"
"195","RRR","PYC","M","AFROCOLOMBIAN",40.4166666666667,29.7114771666928,"58.1","CATHOLIC","AFEWTIMESPERYEAR","NEVER","YES",11,"AGREE","AGREE","DISAGREE","AGREE",15,100,5,5,15763,2,2,1,"lowland"
"196","RT7","TTW","M","EMBERA",28.5,25.5567117585848,"39.775","CATHOLIC","AFEWTIMESPERYEAR","AFEWTIMESPERWEEK","NO",0,"DONTKNOW","DONTKNOW","DISAGREE","DONTKNOW",19,36,0,3,2520,2,2,2,"lowland"
"197","RZJ","FTF","F","AFROCOLOMBIAN",26.5833333333333,22.6427721594289,"22.65","NONE","NEVER","EVERYDAY","NO",1,"AGREE","DISAGREE","DISAGREE","AGREE",3,1,0,3,60,2,1,2,"lowland"
"198","S5P","UWR","F","AFROCOLOMBIAN",23.1666666666667,24.4562843916499,"26.525","NONE","NEVER","NEVER","YES",11,"AGREE","DISAGREE","AGREE","DISAGREE",16,119,2,1,5380,2,2,1,"lowland"
"199","S5T","GWG","F","AFROCOLOMBIAN",30.0833333333333,25.4366287453934,"28.85","CATHOLIC","AFEWTIMESPERMONTH","EVERYDAY","YES",5,"DISAGREE","DISAGREE","AGREE","DISAGREE",0,18,15,2,1530,2,1,1,"lowland"
"200","S9D","TEC","F","EMBERA",57.8333333333333,21.0007304601899,"17.175","CATHOLIC","ONCEPERWEEK","EVERYDAY","NO",2,"AGREE","AGREE","DISAGREE","DONTKNOW",19,70,1,5,30,1,1,2,"lowland"
"201","SET","FFK","M","AFROCOLOMBIAN",59.75,22.5178385743483,"29.425","CATHOLIC","AFEWTIMESPERMONTH","EVERYDAY","YES",1,"DONTKNOW","DISAGREE","DISAGREE","DONTKNOW",19,147,0,5,3455,2,1,1,"lowland"
"202","T7H","CPH","F","AFROCOLOMBIAN",23.75,23.298011322398,"32.25","CHRISTIAN","MORETHANONCEPERWEEK","EVERYDAY","YES",11,"AGREE","DISAGREE","DISAGREE","DISAGREE",20,128,15,1,12430,1,1,1,"lowland"
"203","T81","VP5","F","EMBERA",20.8333333333333,24.4552187117055,"19.85","UNKNOWN","AFEWTIMESPERMONTH","EVERYDAY","YES",0,"DONTKNOW","AGREE","AGREE","DISAGREE",19,4,0,4,30,2,1,1,"lowland"
"204","T8Q","TEC","M","EMBERA",33.25,23.9230164495616,"28","CATHOLIC","AFEWTIMESPERYEAR","EVERYDAY","NO",5,"AGREE","AGREE","DISAGREE","DONTKNOW",20,117,0,0,30,2,1,2,"lowland"
"205","TDC","YCY","M","AFROCOLOMBIAN",61.8333333333333,27.5230248153648,"42.35","JEHOVAHS WITNESS","AFEWTIMESPERMONTH","EVERYDAY","YES",0,"AGREE","AGREE","DISAGREE","DISAGREE",19,67,0,4,2830,2,1,1,"lowland"
"206","TXE","VJW","F","AFROCOLOMBIAN",36.3333333333333,28.0784735286213,"25.05","CATHOLIC","AFEWTIMESPERMONTH","EVERYDAY","YES",16,"AGREE","DISAGREE","AGREE","DISAGREE",20,142,0,3,25430,2,1,1,"lowland"
"207","U1B","KGH","M","AFROCOLOMBIAN",32.3333333333333,28.2195343776828,"55.025","EVANGELICAL","MORETHANONCEPERWEEK","MORETHANONCEPERDAY","YES",16,"DISAGREE","DISAGREE","DISAGREE","DISAGREE",18,150,0,2,12330,1,1,1,"lowland"
"208","U8R","UWR","M","AFROCOLOMBIAN",29.5,27.1745267040536,"47.4","NONE","NEVER","EVERYDAY","UNKNOWN",16,"DISAGREE","AGREE","AGREE","DISAGREE",20,119,0,1,5380,2,1,2,"lowland"
"209","UCP","KUX","M","MESTIZO",36.9166666666667,30.8614804541189,"51.95","CATHOLIC","AFEWTIMESPERYEAR","AFEWTIMESPERWEEK","YES",9,"AGREE","DISAGREE","AGREE","AGREE",15,37,15,1,5210,2,2,1,"lowland"
"210","V3H","C0V","F","AFROCOLOMBIAN",60.3333333333333,26.48891966759,"21.4","CATHOLIC","AFEWTIMESPERYEAR","EVERYDAY","DONTKNOW",2,"AGREE","DISAGREE","DISAGREE","DISAGREE",5,10,0,3,3131,2,1,2,"lowland"
"211","V9B","M9Y","M","EMBERA",33.4166666666667,24.3951289857395,"31.625","CATHOLIC","AFEWTIMESPERMONTH","AFEWTIMESPERMONTH","YES",1,"AGREE","DONTKNOW","AGREE","DONTKNOW",18,70,0,6,380,2,2,1,"lowland"
"212","VVW","U1Q","M","EMBERA",29.8333333333333,20.2943909237616,"26.025","CHRISTIAN","AFEWTIMESPERYEAR","EVERYDAY","NO",0,"AGREE","DONTKNOW","AGREE","AGREE",19,34,0,5,550,2,1,2,"lowland"
"213","VZ2","YZR","F","AFROCOLOMBIAN",71.75,31.2102156552602,"13.725","CATHOLIC","MORETHANONCEPERWEEK","EVERYDAY","YES",3,"AGREE","DISAGREE","DISAGREE","DISAGREE",16,50,2,6,3145,1,1,1,"lowland"
"214","W0K","G1G","F","AFROCOLOMBIAN",64.8333333333333,22.476465024098,"23.35","CATHOLIC","AFEWTIMESPERMONTH","EVERYDAY","YES",2,"AGREE","DISAGREE","AGREE","AGREE",9,119,0,3,6050,2,1,1,"lowland"
"215","W42","M8K","F","AFROCOLOMBIAN",41.0833333333333,21.4681440443213,"14.525","UNKNOWN","UNKNOWN","UNKNOWN","UNKNOWN",0,"AGREE","DISAGREE","DISAGREE","DISAGREE",10,0,1,9,8150,2,2,2,"lowland"
"216","W86","BA6","M","AFROCOLOMBIAN",77.4166666666667,21.8007099573308,"27.325","CATHOLIC","MORETHANONCEPERWEEK","AFEWTIMESPERWEEK","YES",2,"AGREE","DISAGREE","DISAGREE","DISAGREE",19,54,7,10,10393,1,2,1,"lowland"
"217","W8A","M57","F","AFROCOLOMBIAN",27,27.439446366782,"18.775","CATHOLIC","AFEWTIMESPERMONTH","EVERYDAY","YES",11,"AGREE","DISAGREE","DISAGREE","DISAGREE",16,19,0,2,3130,2,1,1,"lowland"
"218","WAB","ZB4","F","AFROCOLOMBIAN",66.3333333333333,28.1147308207229,"24.95","JEHOVAHS WITNESS","NEVER","EVERYDAY","YES",0,"AGREE","DISAGREE","DISAGREE","DISAGREE",18,122,0,7,8990,2,1,1,"lowland"
"219","WBA","AZK","F","AFROCOLOMBIAN",74.1666666666667,20.928387224757,"13.875","CATHOLIC","AFEWTIMESPERMONTH","EVERYDAY","YES",0,"AGREE","DISAGREE","DONTKNOW","DISAGREE",17,51,0,8,3842,2,1,1,"lowland"
"220","WT8","VDM","F","EMBERA",26.8333333333333,26.0898919753086,"22.05","CATHOLIC","ONCEPERWEEK","EVERYDAY","YES",0,"AGREE","DISAGREE","DISAGREE","DONTKNOW",19,48,0,3,1990,1,1,1,"lowland"
"221","WZV","ZEH","F","EMBERA",31.5833333333333,23.7380371551886,"20.35","CATHOLIC","ONCEPERWEEK","AFEWTIMESPERWEEK","NO",0,"AGREE","DISAGREE","DISAGREE","DISAGREE",16,37,0,6,2250,1,2,2,"lowland"
"222","X99","TH5","M","MESTIZO",49.4166666666667,30.9339678762641,"34.975","CATHOLIC","NEVER","EVERYDAY","NO",11,"DISAGREE","AGREE","AGREE","AGREE",20,0,0,3,16030,2,1,2,"lowland"
"223","XA6","TFU","F","AFROCOLOMBIAN",43.5833333333333,47.2821498238565,"36.325","CATHOLIC","AFEWTIMESPERMONTH","EVERYDAY","NO",9,"AGREE","DISAGREE","DISAGREE","DISAGREE",8,37,0,3,4830,2,1,2,"lowland"
"224","XBX","M55","M","AFROCOLOMBIAN",46.3333333333333,28.2823657864382,"54.4","NONE","AFEWTIMESPERYEAR","EVERYDAY","YES",0,"AGREE","DISAGREE","AGREE","AGREE",19,147,0,6,47930,2,1,1,"lowland"
"225","XED","SH6","M","AFROCOLOMBIAN",61.0833333333333,20.2260559190958,"39.55","CATHOLIC","ONCEPERWEEK","EVERYDAY","YES",9,"AGREE","DISAGREE","DISAGREE","DISAGREE",18,150,0,2,9581,1,1,1,"lowland"
"226","XFV","XAE","F","AFROCOLOMBIAN",65.5833333333333,26.8595568173125,"31.5","CATHOLIC","AFEWTIMESPERYEAR","EVERYDAY","YES",5,"DISAGREE","DISAGREE","AGREE","DISAGREE",14,71,1,7,4130,2,1,1,"lowland"
"227","XHN","BHJ","F","AFROCOLOMBIAN",85.3333333333333,32.2447078308576,"13.7","CATHOLIC","ONCEPERWEEK","AFEWTIMESPERWEEK","YES",2,"AGREE","DONTKNOW","DONTKNOW","DONTKNOW",10,133,0,4,3850,1,2,1,"lowland"
"228","XM8","M9Y","F","EMBERA",34.0833333333333,26.9752066115702,"19.4","CATHOLIC","AFEWTIMESPERYEAR","AFEWTIMESPERMONTH","NO",0,"DONTKNOW","DONTKNOW","DISAGREE","DONTKNOW",19,16,0,6,380,2,2,2,"lowland"
"229","XNG","PWR","M","AFROCOLOMBIAN",53.5,22.9705689585219,"33.575","CATHOLIC","AFEWTIMESPERMONTH","AFEWTIMESPERWEEK","NO",5,"AGREE","DISAGREE","DISAGREE","DISAGREE",13,76,2,2,3630,2,2,2,"lowland"
"230","XW3","M8K","M","AFROCOLOMBIAN",57.8333333333333,19.3959936915943,"30.85","NONE","MORETHANONCEPERWEEK","EVERYDAY","YES",1,"AGREE","DISAGREE","DISAGREE","DISAGREE",0,2,0,8,8150,1,1,1,"lowland"
"231","XY3","HXQ","F","AFROCOLOMBIAN",38.4166666666667,22.3371011920836,"21.325","CATHOLIC","MORETHANONCEPERWEEK","EVERYDAY","NO",9,"AGREE","DISAGREE","DISAGREE","DISAGREE",19,130,0,2,4830,1,1,2,"lowland"
"232","XZQ","TZH","M","AFROCOLOMBIAN",29.8333333333333,25.15465219038,"56.25","CATHOLIC","AFEWTIMESPERYEAR","EVERYDAY","YES",11,"AGREE","AGREE","DISAGREE","DISAGREE",18,45,0,3,8630,2,1,1,"lowland"
"233","Y3C","WAK","M","AFROCOLOMBIAN",52,21.6796875,"30.625","CATHOLIC","AFEWTIMESPERMONTH","EVERYDAY","YES",5,"DONTKNOW","DISAGREE","DISAGREE","AGREE",14,68,0,7,4334,2,1,1,"lowland"
"234","Y4W","KYQ","F","AFROCOLOMBIAN",80.4166666666667,28.0903739612188,"20.8","CATHOLIC","MORETHANONCEPERWEEK","EVERYDAY","DONTKNOW",0,"DISAGREE","DISAGREE","DISAGREE","DISAGREE",17,119,6,5,3330,1,1,2,"lowland"
"235","Y80","NUZ","F","AFROCOLOMBIAN",21.3333333333333,26.0374939913475,"27.9","NONE","AFEWTIMESPERYEAR","EVERYDAY","YES",10,"DONTKNOW","DISAGREE","DISAGREE","DISAGREE",20,2,0,1,4450,2,1,1,"lowland"
"236","YDJ","K0J","M","AFROCOLOMBIAN",57.25,25.2976190476191,"50.3","CATHOLIC","AFEWTIMESPERYEAR","EVERYDAY","NO",5,"DISAGREE","AGREE","DISAGREE","AGREE",19,150,0,3,50330,2,1,2,"lowland"
"237","YDY","CRA","F","AFROCOLOMBIAN",39.3333333333333,30.5279136447968,"36.4","NONE","AFEWTIMESPERYEAR","EVERYDAY","YES",2,"AGREE","DISAGREE","AGREE","DISAGREE",17,65,0,3,3460,2,1,1,"lowland"
"238","YF0","U2H","F","AFROCOLOMBIAN",78.25,27.818869165023,"20.525","CATHOLIC","ONCEPERWEEK","EVERYDAY","DONTKNOW",3,"AGREE","DISAGREE","DISAGREE","DISAGREE",5,75,6,6,3150,1,1,2,"lowland"
"239","YH4","CP1","M","AFROCOLOMBIAN",40.1666666666667,34.2174981646398,"62.775","CATHOLIC","AFEWTIMESPERYEAR","AFEWTIMESPERWEEK","YES",11,"AGREE","DISAGREE","AGREE","AGREE",9,52,0,2,11030,2,2,1,"lowland"
"240","YHV","D4D","F","AFROCOLOMBIAN",28.25,25.4308362416471,"29.8","CATHOLIC","AFEWTIMESPERMONTH","AFEWTIMESPERWEEK","NO",11,"AGREE","DISAGREE","DISAGREE","DISAGREE",10,26,4,4,1530,2,2,2,"lowland"
"241","YNV","D8X","F","AFROCOLOMBIAN",65.0833333333333,26.6299357208448,"21.325","CATHOLIC","ONCEPERWEEK","EVERYDAY","YES",6,"DONTKNOW","DISAGREE","DISAGREE","DISAGREE",5,33,15,4,4340,1,1,1,"lowland"
"242","YQN","S0B","F","AFROCOLOMBIAN",50.5833333333333,38.7513007284079,"23.55","CATHOLIC","AFEWTIMESPERMONTH","EVERYDAY","NO",0,"AGREE","DISAGREE","DISAGREE","DISAGREE",15,68,0,7,3830,2,1,2,"lowland"
"243","Z3Q","M5U","M","AFROCOLOMBIAN",69.4166666666667,21.3856471368222,"37.65","CATHOLIC","ONCEPERWEEK","EVERYDAY","NO",1,"AGREE","DISAGREE","DISAGREE","AGREE",19,25,0,17,3610,1,1,2,"lowland"
"244","Z4N","TRZ","F","MESTIZO",40.4166666666667,31.7693905817175,"37.65","NONE","NEVER","EVERYDAY","YES",11,"DISAGREE","DISAGREE","DISAGREE","DISAGREE",18,150,0,2,25610,2,1,1,"lowland"
"245","Z50","T34","F","AFROCOLOMBIAN",62.25,27.6609698699896,"34.975","CATHOLIC","ONCEPERWEEK","EVERYDAY","YES",13,"DISAGREE","AGREE","AGREE","AGREE",19,147,2,4,5420,1,1,1,"lowland"
"246","ZM9","BND","M","AFROCOLOMBIAN",52.3333333333333,26.7736584236719,"41.475","CATHOLIC","MORETHANONCEPERWEEK","EVERYDAY","NO",18,"AGREE","AGREE","AGREE","DISAGREE",20,109,0,5,11850,1,1,2,"lowland"
"247","ZQG","RMA","F","AFROCOLOMBIAN",67.25,21.4453125,"17.75","CATHOLIC","AFEWTIMESPERMONTH","EVERYDAY","YES",0,"AGREE","DISAGREE","DISAGREE","DISAGREE",15,73,0,6,1530,2,1,1,"lowland"
"248","ZQU","PYC","F","AFROCOLOMBIAN",29,28.6876097863957,"40.875","CATHOLIC","AFEWTIMESPERYEAR","AFEWTIMESPERWEEK","NO",11,"AGREE","DISAGREE","DISAGREE","DISAGREE",10,99,0,1,15763,2,2,2,"lowland"
"249","ZRN","K55","M","EMBERA",22.5,21.5655260213726,"28.875","CATHOLIC","ONCEPERWEEK","AFEWTIMESPERWEEK","YES",15,"AGREE","DISAGREE","AGREE","DISAGREE",18,0,0,4,820,1,2,1,"lowland"
"250","ZXH","S0B","F","AFROCOLOMBIAN",22.5,24.6247259234272,"28.75","CATHOLIC","ONCEPERWEEK","EVERYDAY","DONTKNOW",13,"AGREE","DISAGREE","DISAGREE","DISAGREE",18,115,0,1,3830,1,1,2,"lowland"
"251","ZYK","CF9","M","AFROCOLOMBIAN",63.5,22.3026999892431,"32","UNKNOWN","UNKNOWN","UNKNOWN","UNKNOWN",3,"AGREE","DISAGREE","DISAGREE","DISAGREE",19,130,0,0,4810,2,2,2,"lowland"
"252","ZZS","MA6","F","AFROCOLOMBIAN",76.3333333333333,30.7242429097901,"25.2","CATHOLIC","AFEWTIMESPERMONTH","EVERYDAY","NO",0,"AGREE","DISAGREE","AGREE","AGREE",16,59,0,8,4750,2,1,2,"lowland"
"253","YZF","ENE","F","AFROCOLOMBIAN",27.1666666666667,26.3052027487459,"18","CATHOLIC","AFEWTIMESPERMONTH","EVERYDAY","NO",15,"DISAGREE","DISAGREE","AGREE","DONTKNOW",NA,NA,NA,2,9180,2,1,2,"lowland"
"254","RDQ","ADA","M","MESTIZO",65.1666666666667,23.9075616840627,"50.675","CATHOLIC","AFEWTIMESPERMONTH","EVERYDAY","NO",5,"AGREE","DISAGREE","AGREE","DISAGREE",NA,NA,NA,14,4680,2,1,2,"lowland"
"255","BUJ","M8K","F","AFROCOLOMBIAN",19.1666666666667,21.6028850530444,"28.275","CATHOLIC","NEVER","AFEWTIMESPERWEEK","YES",13,"DISAGREE","AGREE","AGREE","DONTKNOW",NA,NA,NA,0,8150,2,2,1,"lowland"
"256","C93","UMC","M","EMBERA",24.3333333333333,25.0314414377865,"41.25","NONE","ONCEPERWEEK","EVERYDAY","YES",2,"AGREE","DISAGREE","DISAGREE","AGREE",NA,NA,NA,3,350,1,1,1,"lowland"
"257","Q7R","JE5","M","AFROCOLOMBIAN",49.75,18.989898989899,"19.15","CATHOLIC","AFEWTIMESPERMONTH","NEVER","YES",0,"AGREE","AGREE","DISAGREE","AGREE",NA,NA,NA,0,4430,2,2,1,"lowland"
"258","ZNY","TH5","F","MESTIZO",19.8333333333333,28.515625,"21.875","CATHOLIC","AFEWTIMESPERYEAR","EVERYDAY","YES",9,"DISAGREE","DISAGREE","AGREE","AGREE",NA,NA,NA,0,16030,2,1,1,"lowland"
"259","MC1","QA3","M","AFROCOLOMBIAN",67.8333333333333,23.046875,"40.175","CATHOLIC","AFEWTIMESPERYEAR","EVERYDAY","NO",1,"AGREE","DISAGREE","DISAGREE","AGREE",NA,NA,NA,5,4760,2,1,2,"lowland"
"260","AK0","BZ3","F","AFROCOLOMBIAN",23.9166666666667,24.7425205932489,"23.5","CATHOLIC","AFEWTIMESPERYEAR","EVERYDAY","YES",13,"AGREE","AGREE","AGREE","DISAGREE",NA,NA,NA,1,13540,2,1,1,"lowland"
"261","U8D","MA6","M","AFROCOLOMBIAN",32.5833333333333,24.904214559387,"43.725","NONE","NEVER","NEVER","YES",6,"AGREE","DISAGREE","DISAGREE","DISAGREE",NA,NA,NA,3,4750,2,2,1,"lowland"
"262","DGV","AQ6","M","AFROCOLOMBIAN",57.25,16.8882401308192,"28.85","CATHOLIC","AFEWTIMESPERYEAR","EVERYDAY","YES",7,"AGREE","AGREE","DISAGREE","DISAGREE",NA,NA,NA,0,4630,2,1,1,"lowland"
"263","NC6","UMC","F","EMBERA",21.75,25.7213849592329,"22","CATHOLIC","AFEWTIMESPERMONTH","NEVER","NO",0,"AGREE","AGREE","DISAGREE","DISAGREE",NA,NA,NA,3,350,2,2,2,"lowland"
"264","FPJ","ENE","M","AFROCOLOMBIAN",32.3333333333333,24.700693131695,"55.6","CATHOLIC","AFEWTIMESPERYEAR","AFEWTIMESPERMONTH","YES",11,"AGREE","DISAGREE","DISAGREE","AGREE",NA,NA,NA,1,9180,2,2,1,"lowland"
"265","XU0","ADA","F","MESTIZO",41.8333333333333,28.5097025577717,"19.925","CATHOLIC","NEVER","EVERYDAY","YES",2,"AGREE","DISAGREE","AGREE","DISAGREE",NA,NA,NA,6,4680,2,1,1,"lowland"
"266","G8F","BME","M","AFROCOLOMBIAN",49.5833333333333,23.9290508298353,"52.425","CHRISTIAN","MORETHANONCEPERWEEK","EVERYDAY","NO",1,"AGREE","AGREE","DISAGREE","AGREE",NA,NA,NA,1,3361.4,1,1,2,"lowland"
"267","A16","J4N","F","MESTIZO",55.1666666666667,26.897670187097,"UNKNOWN","CATHOLIC","AFEWTIMESPERMONTH","EVERYDAY","YES",5,"AGREE","DISAGREE","DONTKNOW","AGREE",10,120,2,5,3100.3,2,1,1,"highland"
"268","A64","DD2","F","MESTIZO",22,25.7210322145387,"UNKNOWN","CATHOLIC","AFEWTIMESPERYEAR","EVERYDAY","NO",13,"DISAGREE","AGREE","DISAGREE","AGREE",9,139,0,0,12244,2,1,2,"highland"
"269","A82","GA8","F","MESTIZO",18.6666666666667,20.956607495069,"UNKNOWN","CATHOLIC","ONCEPERWEEK","MORETHANONCEPERDAY","NO",11,"AGREE","AGREE","AGREE","DISAGREE",9,127,0,0,6033.8,1,1,2,"highland"
"270","ACE","D5R","F","MESTIZO",35.8333333333333,20.077747874749,"UNKNOWN","CATHOLIC","AFEWTIMESPERMONTH","AFEWTIMESPERWEEK","NO",11,"DISAGREE","DISAGREE","DISAGREE","DISAGREE",10,103,0,2,10630,2,2,2,"highland"
"271","ADZ","KHM","F","MESTIZO",29.6666666666667,22.5827091723437,"UNKNOWN","CATHOLIC","AFEWTIMESPERMONTH","EVERYDAY","YES",11,"DISAGREE","DONTKNOW","AGREE","DISAGREE",7,96,0,3,6212,2,1,1,"highland"
"272","AQV","GT5","M","MESTIZO",19.1666666666667,24.6221837490898,"UNKNOWN","CATHOLIC","AFEWTIMESPERYEAR","EVERYDAY","DONTKNOW",11.5,"DISAGREE","AGREE","AGREE","DISAGREE",9,139,0,0,10703,2,1,2,"highland"
"273","AV5","BFB","F","MESTIZO",22.5833333333333,27.5550575960226,"UNKNOWN","SPIRITUAL","AFEWTIMESPERYEAR","AFEWTIMESPERWEEK","NO",10.5,"DISAGREE","AGREE","DISAGREE","AGREE",9,136,0,0,23550,2,2,2,"highland"
"274","B93","MTJ","F","MESTIZO",39.9166666666667,28.0654174884944,"UNKNOWN","SPIRITUAL","NEVER","EVERYDAY","YES",22,"DISAGREE","AGREE","DISAGREE","DISAGREE",10,20,0,3,3150,2,1,1,"highland"
"275","BGX","RJ9","M","MESTIZO",81.9166666666667,23.6549165120594,"UNKNOWN","CATHOLIC","ONCEPERWEEK","EVERYDAY","DONTKNOW",6,"AGREE","DISAGREE","DISAGREE","DISAGREE",9,139,0,7,7010,1,1,2,"highland"
"276","BMS","MTJ","F","MESTIZO",31.5833333333333,35.1953125,"UNKNOWN","CATHOLIC","AFEWTIMESPERYEAR","EVERYDAY","NO",8,"DONTKNOW","DISAGREE","AGREE","DISAGREE",6,2,0,3,3150,2,1,2,"highland"
"277","BPJ","F91","F","MESTIZO",20.0833333333333,26.7036235803137,"UNKNOWN","CATHOLIC","AFEWTIMESPERYEAR","AFEWTIMESPERMONTH","YES",11,"AGREE","DISAGREE","DISAGREE","DISAGREE",10,125,7,1,8858,2,2,1,"highland"
"278","BTK","MTJ","M","MESTIZO",65.6666666666667,26.2252284324196,"UNKNOWN","CATHOLIC","ONCEPERWEEK","EVERYDAY","NO",11,"DISAGREE","AGREE","DONTKNOW","DISAGREE",0,0,0,11,3150,1,1,2,"highland"
"279","CBB","DY8","F","MESTIZO",52.5,23.1111111111111,"UNKNOWN","CATHOLIC","AFEWTIMESPERYEAR","NEVER","YES",5,"AGREE","AGREE","AGREE","AGREE",10,0,0,2,22075,2,2,1,"highland"
"280","CDP","Q06","M","MESTIZO",19.3333333333333,22.8623685413809,"UNKNOWN","CATHOLIC","NEVER","AFEWTIMESPERMONTH","NO",11,"AGREE","AGREE","AGREE","AGREE",10,139,1,0,6014,2,2,2,"highland"
"281","CRF","CNK","F","MESTIZO",46.8333333333333,28.7641341003769,"UNKNOWN","CATHOLIC","AFEWTIMESPERMONTH","AFEWTIMESPERMONTH","YES",5,"DISAGREE","DISAGREE","AGREE","DISAGREE",8,57,3,3,13860,2,2,1,"highland"
"282","D00","C6N","M","MESTIZO",33.25,24.8370181405896,"UNKNOWN","CATHOLIC","AFEWTIMESPERMONTH","AFEWTIMESPERMONTH","YES",11,"DISAGREE","DISAGREE","AGREE","DISAGREE",9,29,0,2,13160,2,2,1,"highland"
"283","D01","JNH","M","MESTIZO",21.3333333333333,18.9197530864197,"UNKNOWN","CHRISTIAN","ONCEPERWEEK","EVERYDAY","YES",6,"DONTKNOW","DISAGREE","DISAGREE","DISAGREE",10,5,0,0,11802,1,1,1,"highland"
"284","D7A","DMD","M","MESTIZO",76.1666666666667,21.1905143406505,"UNKNOWN","CHRISTIAN","MORETHANONCEPERWEEK","EVERYDAY","YES",0,"AGREE","DISAGREE","DISAGREE","DISAGREE",9,0,2,1,20582,1,1,1,"highland"
"285","D85","Q87","M","MESTIZO",17.9166666666667,25.4753955581362,"UNKNOWN","NONE","ONCEPERWEEK","NEVER","NO",11,"AGREE","DISAGREE","AGREE","DISAGREE",0,96,0,0,8560,1,2,2,"highland"
"286","DE2","KHM","M","MESTIZO",43.3333333333333,26.6727632982777,"UNKNOWN","CATHOLIC","AFEWTIMESPERMONTH","AFEWTIMESPERMONTH","NO",13,"AGREE","DISAGREE","DISAGREE","DISAGREE",6,73,0,2,6212,2,2,2,"highland"
"287","DJ9","FMS","F","MESTIZO",42.0833333333333,24.6959237343853,"UNKNOWN","CATHOLIC","AFEWTIMESPERYEAR","EVERYDAY","NO",13,"DISAGREE","DISAGREE","AGREE","DISAGREE",9,73,0,2,29332,2,1,2,"highland"
"288","E3U","YVT","F","MESTIZO",41.6666666666667,24.234898253485,"UNKNOWN","CATHOLIC","ONCEPERWEEK","EVERYDAY","NO",11,"DISAGREE","DISAGREE","DISAGREE","DISAGREE",6,90,0,2,13710,1,1,2,"highland"
"289","E4T","UT5","F","MESTIZO",22.4166666666667,22.038567493113,"UNKNOWN","NONE","AFEWTIMESPERYEAR","NEVER","NO",13.5,"DONTKNOW","DISAGREE","AGREE","DISAGREE",10,128,0,0,29600,2,2,2,"highland"
"290","EEJ","XMM","F","MESTIZO",16.25,24.6221837490898,"UNKNOWN","CATHOLIC","NEVER","EVERYDAY","YES",11,"DISAGREE","DISAGREE","AGREE","DISAGREE",10,129,0,0,6860,2,1,1,"highland"
"291","FFJ","DD2","F","MESTIZO",45,29.9030287496262,"UNKNOWN","CATHOLIC","AFEWTIMESPERMONTH","EVERYDAY","NO",7,"DONTKNOW","DISAGREE","DISAGREE","DISAGREE",9,139,0,3,12244,2,1,2,"highland"
"292","FPP","WN6","F","MESTIZO",49.0833333333333,33.1067533864737,"UNKNOWN","CATHOLIC","AFEWTIMESPERYEAR","AFEWTIMESPERWEEK","YES",0,"DONTKNOW","DISAGREE","DISAGREE","DISAGREE",9,0,0,6,535,2,2,1,"highland"
"293","FSK","JTQ","M","MESTIZO",79.5,20.5282161548136,"UNKNOWN","CATHOLIC","AFEWTIMESPERMONTH","EVERYDAY","YES",2,"AGREE","DISAGREE","DISAGREE","DISAGREE",10,83,0,8,300,2,1,1,"highland"
"294","FTC","CTV","F","MESTIZO",55.3333333333333,33.5900104058273,"UNKNOWN","CHRISTIAN","ONCEPERWEEK","EVERYDAY","NO",3,"DONTKNOW","DISAGREE","DISAGREE","DISAGREE",8,0,10,8,4500,1,1,2,"highland"
"295","FYB","C2T","M","MESTIZO",57.0833333333333,24.765625,"UNKNOWN","CATHOLIC","NEVER","AFEWTIMESPERMONTH","DONTKNOW",3,"DISAGREE","DISAGREE","DISAGREE","DISAGREE",9,78,0,0,5520,2,2,2,"highland"
"296","G87","NUX","M","MESTIZO",39.4166666666667,26.8135904499541,"UNKNOWN","CATHOLIC","AFEWTIMESPERYEAR","EVERYDAY","NO",5,"AGREE","AGREE","AGREE","DISAGREE",10,130,7,1,34600,2,1,2,"highland"
"297","G8X","XNE","F","MESTIZO",42.75,24.4138977905212,"UNKNOWN","CATHOLIC","AFEWTIMESPERMONTH","AFEWTIMESPERWEEK","YES",5,"DISAGREE","DISAGREE","DISAGREE","DISAGREE",7,52,7,4,3370,2,2,1,"highland"
"298","GAN","Y4S","F","MESTIZO",71.5833333333333,25.2240890049998,"UNKNOWN","CATHOLIC","AFEWTIMESPERMONTH","EVERYDAY","YES",2,"DONTKNOW","DISAGREE","DISAGREE","DISAGREE",4,63,0,6,4752,2,1,1,"highland"
"299","GHR","GT5","F","MESTIZO",18.1666666666667,17.96875,"UNKNOWN","CATHOLIC","AFEWTIMESPERMONTH","AFEWTIMESPERMONTH","NO",11,"DISAGREE","AGREE","AGREE","AGREE",6,139,0,0,10703,2,2,2,"highland"
"300","GJ3","WN6","F","MESTIZO",18.8333333333333,23.6385255648038,"UNKNOWN","SPIRITUAL","AFEWTIMESPERMONTH","EVERYDAY","NO",11,"AGREE","DISAGREE","AGREE","DISAGREE",9,100,0,1,535,2,1,2,"highland"
"301","GPM","D6D","F","MESTIZO",44.3333333333333,25.203981374685,"UNKNOWN","CATHOLIC","ONCEPERWEEK","EVERYDAY","NO",11,"DISAGREE","DISAGREE","AGREE","DISAGREE",10,139,0,2,16701,1,1,2,"highland"
"302","GVM","YVT","M","MESTIZO",41.75,25.6543723973825,"UNKNOWN","CATHOLIC","AFEWTIMESPERMONTH","AFEWTIMESPERMONTH","YES",11,"DISAGREE","DONTKNOW","DONTKNOW","DISAGREE",9,135,0,2,13710,2,2,1,"highland"
"303","GWF","EUJ","M","MESTIZO",81.5,25.7210322145387,"UNKNOWN","CATHOLIC","ONCEPERWEEK","EVERYDAY","DONTKNOW",3,"DISAGREE","DONTKNOW","DISAGREE","DISAGREE",10,13,0,0,3101.7,1,1,2,"highland"
"304","GWU","D6D","M","MESTIZO",19.4166666666667,20.0692041522491,"UNKNOWN","CATHOLIC","AFEWTIMESPERMONTH","NEVER","NO",13,"DISAGREE","AGREE","DISAGREE","DISAGREE",10,139,0,0,16701,2,2,2,"highland"
"305","GWW","B8Y","F","MESTIZO",30.8333333333333,23.9168241190921,"UNKNOWN","CATHOLIC","ONCEPERWEEK","EVERYDAY","YES",11,"DISAGREE","AGREE","DISAGREE","DISAGREE",10,0,0,2,21050,1,1,1,"highland"
"306","H6C","BFB","M","MESTIZO",16.5833333333333,17.4319727891157,"UNKNOWN","CATHOLIC","AFEWTIMESPERYEAR","AFEWTIMESPERMONTH","YES",10,"DISAGREE","AGREE","DISAGREE","DISAGREE",10,139,0,0,23550,2,2,1,"highland"
"307","HGG","DY8","M","MESTIZO",55,36.1323346757499,"UNKNOWN","CATHOLIC","AFEWTIMESPERMONTH","AFEWTIMESPERMONTH","YES",3,"DISAGREE","DISAGREE","DISAGREE","DISAGREE",8,139,0,2,22075,2,2,1,"highland"
"308","HJX","C2T","F","MESTIZO",78.5,29.4784580498866,"UNKNOWN","CATHOLIC","ONCEPERWEEK","EVERYDAY","NO",1,"DONTKNOW","DISAGREE","DISAGREE","DISAGREE",8,10,0,11,5520,1,1,2,"highland"
"309","HM9","MSB","M","MESTIZO",45.0833333333333,24.2791551882461,"UNKNOWN","SPIRITUAL","AFEWTIMESPERYEAR","AFEWTIMESPERWEEK","NO",7,"AGREE","DISAGREE","AGREE","DISAGREE",9,139,0,2,26950.2,2,2,2,"highland"
"310","HRA","Q06","F","MESTIZO",50.3333333333333,25.9041295709471,"UNKNOWN","CATHOLIC","AFEWTIMESPERYEAR","AFEWTIMESPERWEEK","YES",5,"AGREE","DONTKNOW","DONTKNOW","DISAGREE",9,112,6,2,6014,2,2,1,"highland"
"311","J0A","HR9","M","MESTIZO",40.25,30.4132231404959,"UNKNOWN","CATHOLIC","AFEWTIMESPERMONTH","EVERYDAY","YES",5,"DONTKNOW","DISAGREE","DISAGREE","DISAGREE",10,78,0,2,8910,2,1,1,"highland"
"312","J3M","F91","M","MESTIZO",25.8333333333333,24.6221837490898,"UNKNOWN","SPIRITUAL","NEVER","NEVER","NO",13,"AGREE","DISAGREE","AGREE","AGREE",10,123,3,1,8858,2,2,2,"highland"
"313","JB1","G64","F","MESTIZO",16.9166666666667,24.7767952496903,"UNKNOWN","CHRISTIAN","AFEWTIMESPERMONTH","AFEWTIMESPERMONTH","NO",12,"DISAGREE","AGREE","AGREE","DISAGREE",9,86,3,0,1942.1,2,2,2,"highland"
"314","JC0","C6N","F","MESTIZO",32,20.1890722640602,"UNKNOWN","CATHOLIC","AFEWTIMESPERMONTH","AFEWTIMESPERWEEK","NO",11,"DISAGREE","DISAGREE","AGREE","DISAGREE",9,75,0,2,13160,2,2,2,"highland"
"315","JD5","V8B","F","MESTIZO",39.75,23.7542060567217,"UNKNOWN","CATHOLIC","AFEWTIMESPERYEAR","EVERYDAY","NO",11,"AGREE","AGREE","AGREE","DISAGREE",8,3,0,3,6637.1,2,1,2,"highland"
"316","JTZ","J0W","M","MESTIZO",63.9166666666667,19.723865877712,"UNKNOWN","CATHOLIC","ONCEPERWEEK","EVERYDAY","YES",0,"AGREE","DISAGREE","AGREE","AGREE",9,122,5,0,2410,1,1,1,"highland"
"317","JX3","HGB","F","MESTIZO",24,26.3841318830216,"UNKNOWN","CATHOLIC","AFEWTIMESPERYEAR","AFEWTIMESPERMONTH","YES",11,"DONTKNOW","DISAGREE","AGREE","DISAGREE",9,105,0,2,2510,2,2,1,"highland"
"318","K3J","DMD","F","MESTIZO",24.6666666666667,21.7152976893237,"UNKNOWN","CHRISTIAN","AFEWTIMESPERMONTH","AFEWTIMESPERMONTH","NO",17,"AGREE","DISAGREE","DISAGREE","DISAGREE",8,14,0,1,20582,2,2,2,"highland"
"319","KKG","GA8","F","MESTIZO",42.75,23.6831717907109,"UNKNOWN","CATHOLIC","AFEWTIMESPERMONTH","AFEWTIMESPERMONTH","DONTKNOW",5,"DONTKNOW","DISAGREE","AGREE","DISAGREE",7,11,0,3,6033.8,2,2,2,"highland"
"320","M03","XMM","F","MESTIZO",48.1666666666667,24.6221837490898,"UNKNOWN","CATHOLIC","ONCEPERWEEK","EVERYDAY","YES",7,"DISAGREE","DISAGREE","DISAGREE","DISAGREE",7,139,0,3,6860,1,1,1,"highland"
"321","M9R","XNE","F","MESTIZO",6.41666666666667,16.0575259515571,"UNKNOWN","CATHOLIC","AFEWTIMESPERMONTH","EVERYDAY","YES",10,"DONTKNOW","DISAGREE","AGREE","AGREE",10,76,0,0,3370,2,1,1,"highland"
"322","MB8","DMD","F","MESTIZO",72.4166666666667,25.2861700131357,"UNKNOWN","CHRISTIAN","ONCEPERWEEK","AFEWTIMESPERWEEK","NO",5,"AGREE","DISAGREE","DISAGREE","DISAGREE",9,139,0,1,20582,1,2,2,"highland"
"323","N29","XBU","F","MESTIZO",28.0833333333333,24.9609375,"UNKNOWN","CATHOLIC","AFEWTIMESPERYEAR","AFEWTIMESPERWEEK","NO",11.5,"AGREE","DISAGREE","AGREE","AGREE",9,48,0,2,13393.1,2,2,2,"highland"
"324","N78","XBU","M","MESTIZO",51.5833333333333,23.2816326530612,"UNKNOWN","CATHOLIC","AFEWTIMESPERYEAR","NEVER","YES",5,"DISAGREE","DONTKNOW","DISAGREE","DISAGREE",6,139,0,5,13393.1,2,2,1,"highland"
"325","NED","YTH","F","MESTIZO",31.0833333333333,26.171875,"UNKNOWN","SPIRITUAL","NEVER","EVERYDAY","NO",11,"DONTKNOW","DISAGREE","DONTKNOW","DISAGREE",9,77,0,0,2400,2,1,2,"highland"
"326","NK0","PZM","F","MESTIZO",62.3333333333333,28.5664819944598,"UNKNOWN","CATHOLIC","AFEWTIMESPERMONTH","AFEWTIMESPERMONTH","NO",5,"DISAGREE","AGREE","AGREE","AGREE",8,139,0,2,17020,2,2,2,"highland"
"327","NND","DMD","F","MESTIZO",43.1666666666667,32.172373081464,"UNKNOWN","SPIRITUAL","NEVER","EVERYDAY","NO",16,"DISAGREE","DISAGREE","DISAGREE","DISAGREE",7,139,0,4,20582,2,1,2,"highland"
"328","NS2","MTJ","M","MESTIZO",24.75,21.5610651974288,"UNKNOWN","NONE","NEVER","EVERYDAY","NO",9,"DONTKNOW","DISAGREE","AGREE","DISAGREE",0,0,0,1,3150,2,1,2,"highland"
"329","NXT","JNH","M","MESTIZO",31.6666666666667,21.8339100346021,"UNKNOWN","NONE","AFEWTIMESPERMONTH","EVERYDAY","YES",5,"DONTKNOW","DISAGREE","DISAGREE","DISAGREE",10,127,0,2,11802,2,1,1,"highland"
"330","NYW","FMS","M","MESTIZO",45.5833333333333,27.3702422145329,"UNKNOWN","CATHOLIC","AFEWTIMESPERMONTH","EVERYDAY","YES",11,"DONTKNOW","DISAGREE","DISAGREE","DISAGREE",9,96,5,2,29332,2,1,1,"highland"
"331","NZA","FMS","M","MESTIZO",19.0833333333333,18.5493827160494,"UNKNOWN","CATHOLIC","AFEWTIMESPERYEAR","NEVER","NO",10.5,"DISAGREE","DISAGREE","DISAGREE","DISAGREE",10,125,2,0,29332,2,2,2,"highland"
"332","P67","DMX","F","MESTIZO",17.9166666666667,28.3289047879985,"UNKNOWN","CATHOLIC","AFEWTIMESPERMONTH","EVERYDAY","YES",11,"DISAGREE","AGREE","AGREE","DISAGREE",10,131,3,0,13610,2,1,1,"highland"
"333","P6B","Q87","F","MESTIZO",44.25,19.7723765432099,"UNKNOWN","CATHOLIC","AFEWTIMESPERMONTH","AFEWTIMESPERWEEK","NO",4,"AGREE","DISAGREE","AGREE","DISAGREE",0,5,0,3,8560,2,2,2,"highland"
"334","P6F","HGB","F","MESTIZO",19.75,18.6709343087944,"UNKNOWN","CATHOLIC","AFEWTIMESPERYEAR","NEVER","NO",11,"DONTKNOW","AGREE","DISAGREE","DISAGREE",10,110,0,0,2510,2,2,2,"highland"
"335","P8M","BFB","M","MESTIZO",39.4166666666667,30.005952172543,"UNKNOWN","CATHOLIC","AFEWTIMESPERYEAR","EVERYDAY","YES",2,"DISAGREE","DISAGREE","DISAGREE","DISAGREE",10,128,0,3,23550,2,1,1,"highland"
"336","PTP","M4G","F","MESTIZO",31.3333333333333,29.1337935568705,"UNKNOWN","CATHOLIC","AFEWTIMESPERMONTH","EVERYDAY","DONTKNOW",11,"DONTKNOW","AGREE","DISAGREE","DISAGREE",8,0,2,2,13600,2,1,2,"highland"
"337","PUH","F9Y","F","MESTIZO",49.6666666666667,24.0078602246999,"UNKNOWN","CATHOLIC","AFEWTIMESPERMONTH","EVERYDAY","YES",5,"DISAGREE","DISAGREE","DISAGREE","AGREE",8,139,0,2,15751,2,1,1,"highland"
"338","Q11","Y4S","F","MESTIZO",30,24.6221837490898,"UNKNOWN","CATHOLIC","AFEWTIMESPERMONTH","AFEWTIMESPERWEEK","YES",11,"DISAGREE","DISAGREE","DISAGREE","DISAGREE",10,112,0,3,4752,2,2,1,"highland"
"339","Q6D","DD2","M","MESTIZO",47.5833333333333,25.7657134562346,"UNKNOWN","CATHOLIC","AFEWTIMESPERMONTH","EVERYDAY","YES",8,"AGREE","DISAGREE","DISAGREE","AGREE",7,119,0,3,12244,2,1,1,"highland"
"340","QE2","SNB","M","MESTIZO",44.0833333333333,23.8472717664156,"UNKNOWN","CATHOLIC","AFEWTIMESPERMONTH","AFEWTIMESPERWEEK","YES",11,"DISAGREE","DISAGREE","DISAGREE","DISAGREE",9,6,0,3,12778,2,2,1,"highland"
"341","RCU","N7W","F","MESTIZO",62.3333333333333,22.1640903686088,"UNKNOWN","CATHOLIC","AFEWTIMESPERMONTH","EVERYDAY","NO",5,"DONTKNOW","DISAGREE","AGREE","AGREE",10,13,0,1,3900,2,1,2,"highland"
"342","RM0","F9Y","F","MESTIZO",19.6666666666667,23.0680507497116,"UNKNOWN","CATHOLIC","AFEWTIMESPERMONTH","EVERYDAY","NO",10.5,"DONTKNOW","DISAGREE","AGREE","AGREE",8,139,0,0,15751,2,1,2,"highland"
"343","RR8","V8B","M","MESTIZO",68.8333333333333,25,"UNKNOWN","CATHOLIC","AFEWTIMESPERYEAR","EVERYDAY","NO",5,"AGREE","DISAGREE","AGREE","DISAGREE",2,3,0,2,6637.1,2,1,2,"highland"
"344","RW0","SPW","F","MESTIZO",56.25,30.0401753104456,"UNKNOWN","CATHOLIC","NEVER","NEVER","NO",9,"AGREE","DISAGREE","DISAGREE","AGREE",2,139,1,0,7805,2,2,2,"highland"
"345","S2J","A23","M","MESTIZO",25.25,22.9853975121687,"UNKNOWN","CATHOLIC","AFEWTIMESPERMONTH","AFEWTIMESPERMONTH","NO",11,"DISAGREE","DISAGREE","AGREE","AGREE",8,108,0,1,12286,2,2,2,"highland"
"346","S75","J4N","F","MESTIZO",19.0833333333333,20,"UNKNOWN","CHRISTIAN","AFEWTIMESPERYEAR","EVERYDAY","NO",11,"AGREE","DISAGREE","DONTKNOW","AGREE",10,123,3,0,3100.3,2,1,2,"highland"
"347","SVV","HGB","F","MESTIZO",43.6666666666667,26.3979773944081,"UNKNOWN","CATHOLIC","AFEWTIMESPERYEAR","EVERYDAY","DONTKNOW",5,"DISAGREE","DISAGREE","DISAGREE","DISAGREE",10,140,0,4,2510,2,1,2,"highland"
"348","SY0","YTH","M","MESTIZO",40.75,25.4326859558726,"UNKNOWN","NONE","NEVER","NEVER","NO",6,"DISAGREE","AGREE","DISAGREE","DISAGREE",10,139,0,1,2400,2,2,2,"highland"
"349","T3M","FJQ","F","MESTIZO",35.75,25.5937370619895,"UNKNOWN","JEHOVAHS WITNESS","MORETHANONCEPERWEEK","EVERYDAY","NO",20,"DONTKNOW","DISAGREE","DISAGREE","DISAGREE",10,123,3,3,23213,1,1,2,"highland"
"350","T7P","RG6","F","MESTIZO",34.5833333333333,21.7554685336814,"UNKNOWN","CATHOLIC","AFEWTIMESPERYEAR","NEVER","NO",13,"DISAGREE","AGREE","AGREE","AGREE",8,139,0,3,13200,2,2,2,"highland"
"351","TE6","Q87","F","MESTIZO",17.25,22.0260348632944,"UNKNOWN","CATHOLIC","AFEWTIMESPERMONTH","AFEWTIMESPERMONTH","NO",11,"DONTKNOW","DISAGREE","DISAGREE","DISAGREE",0,124,0,0,8560,2,2,2,"highland"
"352","TXW","MSB","F","MESTIZO",46.0833333333333,24.0444444444444,"UNKNOWN","CATHOLIC","AFEWTIMESPERMONTH","EVERYDAY","YES",4,"DISAGREE","DISAGREE","AGREE","DISAGREE",5,46,0,3,26950.2,2,1,1,"highland"
"353","UFK","BFB","F","MESTIZO",39.4166666666667,30.0888888888889,"UNKNOWN","CATHOLIC","AFEWTIMESPERYEAR","EVERYDAY","YES",5,"DONTKNOW","AGREE","DISAGREE","AGREE",10,139,0,3,23550,2,1,1,"highland"
"354","UUP","SNB","F","MESTIZO",38.25,20.4924945184685,"UNKNOWN","CATHOLIC","AFEWTIMESPERMONTH","EVERYDAY","YES",11,"DONTKNOW","AGREE","DISAGREE","DISAGREE",10,5,0,3,12778,2,1,1,"highland"
"355","V2Q","XBU","F","MESTIZO",16.75,20.2754820936639,"UNKNOWN","CATHOLIC","AFEWTIMESPERMONTH","EVERYDAY","DONTKNOW",11,"DONTKNOW","AGREE","AGREE","AGREE",10,122,0,0,13393.1,2,1,2,"highland"
"356","VEK","A3C","F","MESTIZO",39,30.6353834050627,"UNKNOWN","CATHOLIC","AFEWTIMESPERMONTH","EVERYDAY","YES",5,"DONTKNOW","DISAGREE","DISAGREE","DISAGREE",8,135,0,4,6001,2,1,1,"highland"
"357","VZ8","F35","F","MESTIZO",40.4166666666667,25.390625,"UNKNOWN","CATHOLIC","AFEWTIMESPERMONTH","EVERYDAY","NO",5,"AGREE","DISAGREE","DISAGREE","DISAGREE",7,139,0,1,26780,2,1,2,"highland"
"358","W2P","XMM","M","MESTIZO",56.4166666666667,22.5895514360501,"UNKNOWN","CATHOLIC","AFEWTIMESPERMONTH","AFEWTIMESPERMONTH","NO",5,"DONTKNOW","DONTKNOW","DONTKNOW","DONTKNOW",6,6,0,3,6860,2,2,2,"highland"
"359","W2Z","GT5","F","MESTIZO",39.4166666666667,31.8194033861865,"UNKNOWN","CATHOLIC","AFEWTIMESPERMONTH","AFEWTIMESPERWEEK","NO",5,"DISAGREE","AGREE","AGREE","AGREE",0,12,0,3,10703,2,2,2,"highland"
"360","W7X","DUE","F","MESTIZO",40.8333333333333,25,"UNKNOWN","CATHOLIC","AFEWTIMESPERYEAR","EVERYDAY","NO",5,"DONTKNOW","AGREE","DISAGREE","DISAGREE",5,129,0,2,14700,2,1,2,"highland"
"361","WBQ","DD2","M","MESTIZO",19.9166666666667,25.4028160836116,"UNKNOWN","CATHOLIC","AFEWTIMESPERMONTH","AFEWTIMESPERWEEK","YES",10,"DONTKNOW","DONTKNOW","DISAGREE","DISAGREE",9,112,0,0,12244,2,2,1,"highland"
"362","XU5","Z9F","F","MESTIZO",31.0833333333333,26.5625,"UNKNOWN","CATHOLIC","AFEWTIMESPERMONTH","EVERYDAY","NO",13,"DISAGREE","AGREE","DISAGREE","AGREE",10,112,0,NA,17330,2,1,2,"highland"
"363","XW7","B8Y","M","MESTIZO",48.75,24.6221837490898,"UNKNOWN","CATHOLIC","NEVER","AFEWTIMESPERMONTH","NO",15,"DISAGREE","AGREE","AGREE","AGREE",5,0,2,3,21050,2,2,2,"highland"
"364","XXZ","F35","M","MESTIZO",44.9166666666667,29.2421086364365,"UNKNOWN","CATHOLIC","ONCEPERWEEK","EVERYDAY","NO",1,"AGREE","DISAGREE","DISAGREE","DISAGREE",10,139,0,1,26780,1,1,2,"highland"
"365","XY6","WEZ","F","MESTIZO",54.1666666666667,27.0551508844953,"UNKNOWN","CATHOLIC","ONCEPERWEEK","EVERYDAY","NO",11,"DISAGREE","AGREE","DISAGREE","AGREE",8,139,0,3,19000,1,1,2,"highland"
"366","YC6","N7W","F","MESTIZO",65.8333333333333,24.5484437637944,"UNKNOWN","CATHOLIC","AFEWTIMESPERYEAR","EVERYDAY","NO",5,"AGREE","DISAGREE","AGREE","DISAGREE",10,15,0,0,3900,2,1,2,"highland"
"367","YDK","D9N","F","MESTIZO",62.25,31.3894114485353,"UNKNOWN","CATHOLIC","AFEWTIMESPERMONTH","NEVER","YES",4,"DISAGREE","DISAGREE","DISAGREE","DISAGREE",9,119,0,8,11810,2,2,1,"highland"
"368","YK2","D5R","M","MESTIZO",41.5833333333333,21.7192501143118,"UNKNOWN","CATHOLIC","AFEWTIMESPERMONTH","AFEWTIMESPERWEEK","NO",7,"DISAGREE","DISAGREE","DISAGREE","DISAGREE",10,89,0,NA,10630,2,2,2,"highland"
"369","YMD","U60","M","MESTIZO",53.4166666666667,23.1472551213302,"UNKNOWN","CATHOLIC","NEVER","EVERYDAY","NO",16,"DONTKNOW","AGREE","AGREE","AGREE",10,3,0,3,13700,2,1,2,"highland"
"370","YUT","XQR","F","MESTIZO",58.4166666666667,23.8054016620499,"UNKNOWN","CATHOLIC","AFEWTIMESPERMONTH","EVERYDAY","NO",2,"AGREE","DISAGREE","DONTKNOW","DONTKNOW",8,139,3,0,3800,2,1,2,"highland"
"371","ZBB","V8B","F","MESTIZO",64.8333333333333,29.8461758311303,"UNKNOWN","CATHOLIC","ONCEPERWEEK","EVERYDAY","NO",5,"DISAGREE","DISAGREE","DISAGREE","DISAGREE",5,3,0,3,6637.1,1,1,2,"highland"
"372","ZGZ","J0W","F","MESTIZO",48,24.1415192507804,"UNKNOWN","CATHOLIC","ONCEPERWEEK","EVERYDAY","YES",5,"DONTKNOW","DISAGREE","DISAGREE","DISAGREE",9,75,5,1,2410,1,1,1,"highland"
"373","ZMM","D9N","F","MESTIZO",28,33.7837837837838,"UNKNOWN","CATHOLIC","AFEWTIMESPERMONTH","AFEWTIMESPERMONTH","DONTKNOW",11,"DONTKNOW","AGREE","AGREE","AGREE",8,67,0,2,11810,2,2,2,"highland"
"374","ZT0","A23","F","MESTIZO",21.8333333333333,18.4672206832872,"UNKNOWN","CATHOLIC","AFEWTIMESPERMONTH","EVERYDAY","NO",16,"DISAGREE","DISAGREE","DISAGREE","AGREE",2,104,0,1,12286,2,1,2,"highland"
"375","ZZJ","N7W","F","MESTIZO",44.75,22.6378352062964,"UNKNOWN","CATHOLIC","AFEWTIMESPERYEAR","EVERYDAY","NO",5,"AGREE","DISAGREE","DISAGREE","DISAGREE",10,9,0,0,3900,2,1,2,"highland"
"376","Q1C","G64","F","MESTIZO",44.25,24.9989035568615,"UNKNOWN","CATHOLIC","AFEWTIMESPERMONTH","EVERYDAY","YES",5,"DISAGREE","DISAGREE","AGREE","DISAGREE",NA,NA,NA,4,1942.1,2,1,1,"highland"
"377","SBR","G64","M","MESTIZO",47.1666666666667,27.0992510068125,"UNKNOWN","CATHOLIC","AFEWTIMESPERYEAR","EVERYDAY","YES",4,"AGREE","DISAGREE","DISAGREE","DISAGREE",NA,NA,NA,4,1942.1,2,1,1,"highland"
"378","B3Q","Z9F","M","MESTIZO",40.75,29.757785467128,"UNKNOWN","CATHOLIC","AFEWTIMESPERMONTH","AFEWTIMESPERMONTH","YES",8,"DISAGREE","DISAGREE","DISAGREE","DISAGREE",NA,NA,NA,2,17330,2,2,1,"highland"
"379","M05","QNE","M","MESTIZO",32.75,19.9183673469388,"UNKNOWN","SPIRITUAL","NEVER","EVERYDAY","UNKNOWN",16,"AGREE","AGREE","AGREE","AGREE",NA,NA,NA,0,9641.9,2,1,2,"highland"
"380","EF6","G64","F","MESTIZO",18.1666666666667,29.9967126890204,"UNKNOWN","CATHOLIC","AFEWTIMESPERYEAR","EVERYDAY","NO",6,"DISAGREE","AGREE","AGREE","DISAGREE",NA,NA,NA,1,1942.1,2,1,2,"highland"
"381","DAQ","FMS","F","MESTIZO",24.75,18.1705952702442,"UNKNOWN","CATHOLIC","AFEWTIMESPERYEAR","AFEWTIMESPERMONTH","NO",12,"DISAGREE","DISAGREE","DISAGREE","AGREE",NA,NA,NA,2,29332,2,2,2,"highland"
"382","A05","JNH","M","MESTIZO",33.6666666666667,27.2979384543419,"UNKNOWN","NONE","NEVER","NEVER","YES",6,"AGREE","DISAGREE","AGREE","DISAGREE",NA,NA,NA,1,11802,2,2,1,"highland"
"383","BGQ","BHH","M","MESTIZO",42.1666666666667,30.4866850321396,"UNKNOWN","NONE","NEVER","EVERYDAY","YES",6,"DONTKNOW","DISAGREE","DISAGREE","DISAGREE",NA,NA,NA,3,2849,2,1,1,"highland"
"384","VDE","D5T","M","MESTIZO",39.4166666666667,24.6221837490898,"UNKNOWN","UNKNOWN","UNKNOWN","UNKNOWN","UNKNOWN",10.5,"AGREE","AGREE","AGREE","AGREE",NA,NA,NA,1,16610,2,2,2,"highland"
"385","NAM","EX1","F","MESTIZO",21.5,21.875,"UNKNOWN","CATHOLIC","AFEWTIMESPERYEAR","NEVER","DONTKNOW",13,"DONTKNOW","DISAGREE","DISAGREE","DISAGREE",NA,NA,NA,2,5606,2,2,2,"highland"
"386","HU4","AHN","M","MESTIZO",52.5,23.2550186382135,"UNKNOWN","CATHOLIC","MORETHANONCEPERWEEK","EVERYDAY","NO",11,"AGREE","DISAGREE","DISAGREE","AGREE",NA,NA,NA,3,13800,1,1,2,"highland"
"387","D76","P9G","F","MESTIZO",17.5833333333333,21.0961905148282,"UNKNOWN","CATHOLIC","AFEWTIMESPERMONTH","AFEWTIMESPERWEEK","NO",11,"DISAGREE","DISAGREE","AGREE","DISAGREE",NA,NA,NA,0,42886,2,2,2,"highland"
"388","A87","BHH","M","MESTIZO",49.3333333333333,28.9590001524158,"UNKNOWN","NONE","NEVER","EVERYDAY","YES",6,"AGREE","DISAGREE","DISAGREE","AGREE",NA,NA,NA,3,2849,2,1,1,"highland"
"389","R13","P9G","M","MESTIZO",45.6666666666667,30.7893990929705,"UNKNOWN","CATHOLIC","AFEWTIMESPERYEAR","NEVER","NO",5,"DISAGREE","AGREE","DISAGREE","AGREE",NA,NA,NA,6,42886,2,2,2,"highland"
"390","G3R","XFR","F","MESTIZO",65.5,22.2222222222222,"UNKNOWN","CATHOLIC","AFEWTIMESPERMONTH","EVERYDAY","NO",2,"DISAGREE","DISAGREE","DISAGREE","DISAGREE",NA,NA,NA,4,4907,2,1,2,"highland"
"391","CTJ","QNE","M","MESTIZO",29.6666666666667,21.2002540116588,"UNKNOWN","CHRISTIAN","NEVER","EVERYDAY","NO",20,"AGREE","AGREE","AGREE","AGREE",NA,NA,NA,0,9641.9,2,1,2,"highland"
"392","R3M","P9G","F","MESTIZO",45.8333333333333,27.9708636836628,"UNKNOWN","CATHOLIC","AFEWTIMESPERYEAR","EVERYDAY","NO",11,"DISAGREE","DISAGREE","AGREE","DISAGREE",NA,NA,NA,1,42886,2,1,2,"highland"
"393","U4B","D9Y","F","MESTIZO",23.6666666666667,20.1950922115531,"UNKNOWN","CATHOLIC","AFEWTIMESPERMONTH","EVERYDAY","NO",12,"DISAGREE","DISAGREE","AGREE","DISAGREE",NA,NA,NA,0,9440,2,1,2,"highland"
"394","YAH","DWY","F","MESTIZO",47,26.9127258746636,"UNKNOWN","CATHOLIC","AFEWTIMESPERYEAR","EVERYDAY","YES",5,"AGREE","AGREE","DISAGREE","DISAGREE",NA,NA,NA,2,8370,2,1,1,"highland"
"395","R5A","BHH","M","MESTIZO",29.25,28.7104793249536,"UNKNOWN","NONE","AFEWTIMESPERYEAR","EVERYDAY","YES",14,"AGREE","DISAGREE","DISAGREE","AGREE",NA,NA,NA,0,2849,2,1,1,"highland"
"396","DFN","V8B","M","MESTIZO",17.8333333333333,21.8699296917253,"UNKNOWN","CATHOLIC","AFEWTIMESPERYEAR","AFEWTIMESPERWEEK","NO",8,"DONTKNOW","DISAGREE","DISAGREE","DONTKNOW",NA,NA,NA,0,6637.1,2,2,2,"highland"
"397","XZ8","DY8","M","MESTIZO",24.8333333333333,25.3515413737155,"UNKNOWN","SPIRITUAL","AFEWTIMESPERYEAR","NEVER","NO",16,"AGREE","AGREE","AGREE","AGREE",NA,NA,NA,NA,22075,2,2,2,"highland"
"398","H9A","XMM","M","MESTIZO",22.25,23.9394809920521,"UNKNOWN","CATHOLIC","AFEWTIMESPERMONTH","AFEWTIMESPERMONTH","NO",16,"AGREE","DISAGREE","AGREE","DISAGREE",NA,NA,NA,0,6860,2,2,2,"highland"
"399","PPB","HT7","M","MESTIZO",50.5,24.2239967924087,"UNKNOWN","CATHOLIC","AFEWTIMESPERMONTH","AFEWTIMESPERWEEK","YES",5,"DISAGREE","DISAGREE","DISAGREE","AGREE",NA,NA,NA,1,3020,2,2,1,"highland"
"400","YGY","A3C","M","MESTIZO",25.9166666666667,21.5497149413747,"UNKNOWN","SPIRITUAL","AFEWTIMESPERMONTH","AFEWTIMESPERWEEK","YES",11,"AGREE","AGREE","DISAGREE","AGREE",NA,NA,NA,2,6001,2,2,1,"highland"
"401","H27","QNE","F","MESTIZO",23.8333333333333,25.4028160836116,"UNKNOWN","SPIRITUAL","NEVER","UNKNOWN","UNKNOWN",18,"AGREE","AGREE","AGREE","AGREE",NA,NA,NA,0,9641.9,2,2,2,"highland"
"402","PG3","P3X","F","MESTIZO",20.6666666666667,21.102580918946,"UNKNOWN","CATHOLIC","AFEWTIMESPERMONTH","AFEWTIMESPERWEEK","NO",11.5,"DISAGREE","DISAGREE","DISAGREE","DISAGREE",NA,NA,NA,0,17365,2,2,2,"highland"
"403","AUH","B6C","M","MESTIZO",62.8333333333333,32.9152494331066,"37.9","CATHOLIC","AFEWTIMESPERMONTH","EVERYDAY","YES",9,"DISAGREE","DISAGREE","DISAGREE","DISAGREE",8,65,0,2,8112.2,2,1,1,"altiplano"
"404","AX0","HHQ","M","MESTIZO",18,22.3214285714286,"54.525","NONE","NEVER","EVERYDAY","DONTKNOW",5,"AGREE","DISAGREE","DONTKNOW","DISAGREE",10,55,0,0,28314.2,2,1,2,"altiplano"
"405","BE3","RAP","F","MESTIZO",22.3333333333333,20.8122033348209,"19.7","CATHOLIC","AFEWTIMESPERMONTH","NEVER","NO",10,"DISAGREE","DISAGREE","DISAGREE","DISAGREE",8,65,0,0,23371.2,2,2,2,"altiplano"
"406","BJ7","CPD","F","MESTIZO",65.5833333333333,23.4293552812071,"12.125","NONE","NEVER","NEVER","NO",0,"DONTKNOW","DISAGREE","DISAGREE","DISAGREE",9,28,4,1,5455.2,2,2,2,"altiplano"
"407","C1C","KQA","F","MESTIZO",18.8333333333333,18.0146368924751,"20.175","CATHOLIC","AFEWTIMESPERMONTH","AFEWTIMESPERMONTH","NO",6,"DONTKNOW","DISAGREE","AGREE","DISAGREE",10,56,3,0,16305,2,2,2,"altiplano"
"408","C3Z","XDV","F","MESTIZO",53.9166666666667,16.5289256198347,"29.5625","CATHOLIC","AFEWTIMESPERYEAR","EVERYDAY","NO",0,"AGREE","DISAGREE","AGREE","DISAGREE",5,65,0,6,4325.2,2,1,2,"altiplano"
"409","CPF","E4P","F","MESTIZO",59.0833333333333,24.8009002770083,"21.2","CATHOLIC","AFEWTIMESPERMONTH","EVERYDAY","DONTKNOW",5,"DONTKNOW","DISAGREE","DONTKNOW","DISAGREE",10,65,0,5,5529.2,2,1,2,"altiplano"
"410","DQ1","V1F","F","MESTIZO",64.25,29.4580970384373,"16.65","CATHOLIC","AFEWTIMESPERMONTH","EVERYDAY","YES",2,"AGREE","DISAGREE","AGREE","DISAGREE",9,65,0,6,23719.2,2,1,1,"altiplano"
"411","E5E","WM8","M","AFROCOLOMBIAN",19.25,20.9338148026565,"46.2","SPIRITUAL","NEVER","EVERYDAY","NO",11,"AGREE","DONTKNOW","AGREE","AGREE",9,65,0,0,5413.2,2,1,2,"altiplano"
"412","FCQ","Y0J","M","MESTIZO",26.5833333333333,21.0197710718002,"36.975","CATHOLIC","AFEWTIMESPERYEAR","EVERYDAY","YES",5,"AGREE","DISAGREE","DISAGREE","DISAGREE",10,65,0,2,3316.2,2,1,1,"altiplano"
"413","FRM","XPJ","M","MESTIZO",45.4166666666667,22.8515625,"38.35","CHRISTIAN","AFEWTIMESPERMONTH","EVERYDAY","NO",5,"DONTKNOW","DISAGREE","DISAGREE","DISAGREE",9,65,0,7,4625.7,2,1,2,"altiplano"
"414","FZH","TEP","F","MESTIZO",53.1666666666667,23.1111111111111,"24.3","CATHOLIC","AFEWTIMESPERMONTH","EVERYDAY","NO",5,"DISAGREE","DISAGREE","AGREE","DISAGREE",6,65,0,2,4809.2,2,1,2,"altiplano"
"415","HDU","FXR","M","MESTIZO",61,20.8558680367766,"35.925","CHRISTIAN","AFEWTIMESPERYEAR","AFEWTIMESPERMONTH","YES",1,"DONTKNOW","DISAGREE","DISAGREE","DISAGREE",8,52,0,6,4064.2,2,2,1,"altiplano"
"416","HFX","BT9","F","MESTIZO",44.8333333333333,28.3355226121224,"29.5625","CATHOLIC","AFEWTIMESPERYEAR","NEVER","YES",0,"AGREE","DISAGREE","DISAGREE","DISAGREE",10,56,3,4,5125.2,2,2,1,"altiplano"
"417","J7V","RAP","F","MESTIZO",24.5833333333333,27.7199166800192,"28.225","CATHOLIC","AFEWTIMESPERMONTH","AFEWTIMESPERMONTH","NO",11,"AGREE","AGREE","DISAGREE","AGREE",8,65,1,2,23371.2,2,2,2,"altiplano"
"418","JAQ","WM8","F","AFROCOLOMBIAN",45.8333333333333,25.3010211857948,"34.425","CATHOLIC","AFEWTIMESPERMONTH","EVERYDAY","NO",2,"AGREE","DISAGREE","AGREE","DISAGREE",3,61,0,5,5413.2,2,1,2,"altiplano"
"419","JAU","KQA","F","MESTIZO",30.0833333333333,21.2128418549346,"21.975","CATHOLIC","AFEWTIMESPERYEAR","EVERYDAY","DONTKNOW",8,"DISAGREE","DISAGREE","AGREE","AGREE",6,54,8,2,16305,2,1,2,"altiplano"
"420","JC9","NEB","F","EMBERA",66.9166666666667,26.1852806982742,"21.875","CATHOLIC","AFEWTIMESPERMONTH","EVERYDAY","YES",5,"AGREE","DISAGREE","DISAGREE","DONTKNOW",9,65,0,8,3946.2,2,1,1,"altiplano"
"421","JYJ","E4P","M","MESTIZO",47.8333333333333,22.2618575769586,"39.35","CATHOLIC","AFEWTIMESPERMONTH","EVERYDAY","YES",3,"DISAGREE","DISAGREE","DISAGREE","DISAGREE",10,63,2,2,5529.2,2,1,1,"altiplano"
"422","K4M","NEB","M","MESTIZO",22.4166666666667,22.1120293847567,"43.275","CATHOLIC","AFEWTIMESPERMONTH","AFEWTIMESPERMONTH","NO",8,"AGREE","AGREE","DISAGREE","DISAGREE",10,48,8,0,3946.2,2,2,2,"altiplano"
"423","KJE","RAP","M","MESTIZO",31.75,28.6404537656245,"49.075","CATHOLIC","AFEWTIMESPERYEAR","EVERYDAY","YES",5,"DISAGREE","DISAGREE","AGREE","DISAGREE",9,65,0,1,23371.2,2,1,1,"altiplano"
"424","KVG","V1F","M","MESTIZO",16,18.8846371882086,"29.5625","CATHOLIC","AFEWTIMESPERYEAR","EVERYDAY","NO",10,"AGREE","DISAGREE","AGREE","DISAGREE",10,65,0,0,23719.2,2,1,2,"altiplano"
"425","MAA","BNA","F","MESTIZO",88.8333333333333,20.7355976731094,"9.225","CATHOLIC","AFEWTIMESPERMONTH","MORETHANONCEPERDAY","DONTKNOW",0,"DONTKNOW","DISAGREE","DISAGREE","DISAGREE",0,65,0,5,24954.2,2,1,2,"altiplano"
"426","MKC","FXR","F","MESTIZO",38,32.722457174591,"22.85","CATHOLIC","AFEWTIMESPERMONTH","AFEWTIMESPERWEEK","UNKNOWN",0,"DONTKNOW","DISAGREE","DISAGREE","DISAGREE",8,59,0,11,4064.2,2,2,2,"altiplano"
"427","P1A","BNA","M","MESTIZO",46.5833333333333,20.7755317743427,"36.4","SPIRITUAL","AFEWTIMESPERYEAR","EVERYDAY","NO",2,"AGREE","DONTKNOW","DISAGREE","DISAGREE",10,65,0,0,24954.2,2,1,2,"altiplano"
"428","PFE","BQV","M","MESTIZO",30.3333333333333,30.0350031992171,"40.225","NONE","NEVER","EVERYDAY","DONTKNOW",3,"DISAGREE","DISAGREE","DONTKNOW","DISAGREE",10,60,4,2,1408.4,2,1,2,"altiplano"
"429","QDP","RAP","F","MESTIZO",30.6666666666667,25.0761095978209,"23.35","CATHOLIC","AFEWTIMESPERMONTH","EVERYDAY","DONTKNOW",11,"AGREE","DISAGREE","DISAGREE","DISAGREE",10,65,0,2,23371.2,2,1,2,"altiplano"
"430","QXJ","KEA","M","MESTIZO",17.3333333333333,21.5510204081633,"37.775","CATHOLIC","AFEWTIMESPERMONTH","AFEWTIMESPERWEEK","YES",11,"AGREE","DISAGREE","AGREE","DISAGREE",10,53,2,0,4064.2,2,2,1,"altiplano"
"431","R5E","RAP","M","MESTIZO",68.3333333333333,22.645731260368,"31.975","CATHOLIC","AFEWTIMESPERYEAR","EVERYDAY","NO",3,"AGREE","DISAGREE","DISAGREE","DISAGREE",8,65,2,7,23371.2,2,1,2,"altiplano"
"432","RBF","B6C","F","MESTIZO",62,30.8171745152355,"23.025","CATHOLIC","AFEWTIMESPERMONTH","MORETHANONCEPERDAY","NO",5,"DISAGREE","DISAGREE","DISAGREE","DISAGREE",5,65,1,2,8112.2,2,1,2,"altiplano"
"433","RTM","XPJ","M","MESTIZO",15.25,17.5392374571869,"27.7","CHRISTIAN","ONCEPERWEEK","AFEWTIMESPERWEEK","YES",7,"AGREE","DISAGREE","DISAGREE","DISAGREE",8,57,1,0,4625.7,1,2,1,"altiplano"
"434","RX9","RAP","M","MESTIZO",39.1666666666667,25.2345091821905,"51.4","CATHOLIC","AFEWTIMESPERMONTH","MORETHANONCEPERDAY","YES",5,"AGREE","DISAGREE","DISAGREE","AGREE",7,65,0,2,23371.2,2,1,1,"altiplano"
"435","SA9","GP1","M","MESTIZO",34.0833333333333,20.390625,"29.5625","SPIRITUAL","AFEWTIMESPERYEAR","AFEWTIMESPERWEEK","NO",3,"AGREE","DISAGREE","DISAGREE","DISAGREE",10,54,1,0,704.2,2,2,2,"altiplano"
"436","SAH","E3E","F","MESTIZO",26.4166666666667,36.5036420395421,"23.025","CATHOLIC","AFEWTIMESPERMONTH","AFEWTIMESPERMONTH","YES",11,"DISAGREE","DONTKNOW","DISAGREE","DISAGREE",8,65,0,2,2112.2,2,2,1,"altiplano"
"437","SCN","CPD","M","MESTIZO",42.1666666666667,23.9766319120451,"26.5","CHRISTIAN","AFEWTIMESPERMONTH","NEVER","YES",3,"DONTKNOW","DISAGREE","DISAGREE","DISAGREE",9,0,0,3,5455.2,2,2,1,"altiplano"
"438","T5X","RAP","F","MESTIZO",61.8333333333333,34.0888888888889,"20.65","CATHOLIC","AFEWTIMESPERMONTH","MORETHANONCEPERDAY","YES",0,"AGREE","DISAGREE","DISAGREE","DISAGREE",8,65,1,7,23371.2,2,1,1,"altiplano"
"439","T8A","V1F","M","MESTIZO",39.0833333333333,28.360839609037,"25.95","CATHOLIC","AFEWTIMESPERMONTH","EVERYDAY","YES",3,"AGREE","DISAGREE","DISAGREE","DISAGREE",10,44,0,1,23719.2,2,1,1,"altiplano"
"440","TS8","V59","F","MESTIZO",34.5833333333333,40.7075962539022,"26.35","CATHOLIC","AFEWTIMESPERYEAR","NEVER","YES",3,"DONTKNOW","DISAGREE","DISAGREE","DISAGREE",9,24,2,1,3806.2,2,2,1,"altiplano"
"441","TUH","KEA","F","MESTIZO",27,19.2805974698979,"27.4","CATHOLIC","AFEWTIMESPERMONTH","NEVER","NO",11,"DISAGREE","DISAGREE","AGREE","DISAGREE",9,36,0,0,4064.2,2,2,2,"altiplano"
"442","U1J","WYS","F","MESTIZO",57.0833333333333,28.3111111111111,"22.45","CATHOLIC","AFEWTIMESPERYEAR","EVERYDAY","NO",5,"AGREE","DISAGREE","AGREE","AGREE",8,65,0,2,6273.2,2,1,2,"altiplano"
"443","U3A","BT9","M","MESTIZO",34.3333333333333,25.4680384550514,"29.5625","SPIRITUAL","NEVER","NEVER","NO",5,"DISAGREE","DISAGREE","DISAGREE","AGREE",8,62,3,1,5125.2,2,2,2,"altiplano"
"444","U5Q","XPJ","F","MESTIZO",44.8333333333333,27.1084337349398,"40.95","CHRISTIAN","ONCEPERWEEK","EVERYDAY","YES",3,"DONTKNOW","DISAGREE","DISAGREE","DISAGREE",10,55,5,7,4625.7,1,1,1,"altiplano"
"445","U7Y","WYS","M","MESTIZO",68.75,25.46875,"18.925","CATHOLIC","AFEWTIMESPERMONTH","AFEWTIMESPERWEEK","NO",2,"AGREE","DONTKNOW","DISAGREE","AGREE",10,65,0,3,6273.2,2,2,2,"altiplano"
"446","VR3","GP1","M","MESTIZO",19.5833333333333,17.6253805479891,"29.5625","SPIRITUAL","AFEWTIMESPERYEAR","AFEWTIMESPERWEEK","NO",3,"DISAGREE","DISAGREE","DISAGREE","AGREE",10,57,1,0,704.2,2,2,2,"altiplano"
"447","WAY","KQA","M","MESTIZO",14.3333333333333,19.6590324749812,"40.45","NONE","AFEWTIMESPERYEAR","EVERYDAY","NO",6,"DONTKNOW","DISAGREE","AGREE","DISAGREE",9,65,0,0,16305,2,1,2,"altiplano"
"448","WN8","RAP","M","MESTIZO",31.4166666666667,25.7093425605536,"41.25","CATHOLIC","AFEWTIMESPERYEAR","AFEWTIMESPERWEEK","NO",12,"DISAGREE","DISAGREE","DISAGREE","DISAGREE",8,65,0,1,23371.2,2,2,2,"altiplano"
"449","WPU","WM8","M","AFROCOLOMBIAN",17.4166666666667,19.4388585655463,"42.525","CATHOLIC","ONCEPERWEEK","EVERYDAY","NO",12,"DONTKNOW","DISAGREE","DISAGREE","AGREE",9,65,0,0,5413.2,1,1,2,"altiplano"
"450","WQV","Y0J","F","MESTIZO",23,26.5203475080018,"20.7","CATHOLIC","AFEWTIMESPERYEAR","EVERYDAY","YES",5,"AGREE","DISAGREE","DISAGREE","DISAGREE",10,11,0,2,3316.2,2,1,1,"altiplano"
"451","X3T","KEA","F","MESTIZO",24,21.3398994562429,"21.05","CATHOLIC","AFEWTIMESPERMONTH","EVERYDAY","NO",11,"DONTKNOW","DISAGREE","AGREE","DISAGREE",9,65,1,0,4064.2,2,1,2,"altiplano"
"452","Y34","BQV","F","MESTIZO",29.1666666666667,29.1215297574668,"26","CATHOLIC","AFEWTIMESPERYEAR","AFEWTIMESPERWEEK","DONTKNOW",2,"DISAGREE","DISAGREE","DONTKNOW","DISAGREE",8,51,0,1,1408.4,2,2,2,"altiplano"
"453","Y3K","HHQ","F","MESTIZO",44.5,35.7879040392965,"21.7","CATHOLIC","AFEWTIMESPERYEAR","AFEWTIMESPERWEEK","YES",3,"AGREE","DISAGREE","DISAGREE","DISAGREE",9,65,0,6,28314.2,2,2,1,"altiplano"
"454","YHT","KQA","M","MESTIZO",33.3333333333333,22.9065743944637,"42.675","NONE","NEVER","NEVER","NO",4,"DONTKNOW","DISAGREE","DISAGREE","DISAGREE",8,65,0,1,16305,2,2,2,"altiplano"
"455","YMS","V1F","M","MESTIZO",41,30.7923242322204,"29.5625","CATHOLIC","ONCEPERWEEK","NEVER","NO",0,"AGREE","DISAGREE","DISAGREE","DISAGREE",8,0,0,0,23719.2,1,2,2,"altiplano"
"456","Z5Y","WYS","F","MESTIZO",15.5833333333333,20.7825107900169,"20.625","CATHOLIC","AFEWTIMESPERMONTH","EVERYDAY","NO",10,"DISAGREE","AGREE","AGREE","AGREE",10,65,0,0,6273.2,2,1,2,"altiplano"
"457","Z6Z","XPJ","F","MESTIZO",24.9166666666667,26.0546875,"31.325","NONE","NEVER","NEVER","NO",6,"DONTKNOW","DISAGREE","DISAGREE","DISAGREE",10,61,3,1,4625.7,2,2,2,"altiplano"
"458","ZST","V1F","F","MESTIZO",15.0833333333333,21.8938605619147,"29.5625","CATHOLIC","AFEWTIMESPERMONTH","EVERYDAY","YES",10,"AGREE","DISAGREE","AGREE","DISAGREE",8,62,1,0,23719.2,2,1,1,"altiplano"
"459","W01","TEP","F","MESTIZO",19.0833333333333,21.1702175577677,"22.65","CATHOLIC","AFEWTIMESPERMONTH","EVERYDAY","YES",11,"AGREE","DONTKNOW","AGREE","DISAGREE",NA,NA,NA,0,4809.2,2,1,1,"altiplano"
"460","TSK","TEP","F","MESTIZO",48.8333333333333,26.0365006943067,"17.425","CATHOLIC","AFEWTIMESPERYEAR","EVERYDAY","YES",5,"AGREE","DISAGREE","AGREE","DISAGREE",NA,NA,NA,4,4809.2,2,1,1,"altiplano"
"461","QXR","TEP","F","MESTIZO",25.25,17.793894417271,"21.3","CATHOLIC","AFEWTIMESPERYEAR","EVERYDAY","YES",11,"DISAGREE","DONTKNOW","AGREE","DISAGREE",NA,NA,NA,0,4809.2,2,1,1,"altiplano"
"462","HM5","XDV","F","MESTIZO",30.25,20.9777777777778,"29.5625","PENTECOSTAL","MORETHANONCEPERWEEK","MORETHANONCEPERDAY","YES",2,"AGREE","DISAGREE","DISAGREE","DISAGREE",NA,NA,NA,3,4325.2,1,1,1,"altiplano"
"463","E5B","TEP","F","MESTIZO",21.0833333333333,18.4,"21.025","CATHOLIC","AFEWTIMESPERYEAR","EVERYDAY","YES",11,"AGREE","AGREE","AGREE","DISAGREE",NA,NA,NA,0,4809.2,2,1,1,"altiplano"
"464","HYX","W2W","F","MESTIZO",24.9166666666667,33.9689152379426,"30.225","CATHOLIC","AFEWTIMESPERMONTH","EVERYDAY","YES",6,"DISAGREE","DONTKNOW","AGREE","AGREE",NA,NA,NA,2,9754.2,2,1,1,"altiplano"
"465","K95","XDV","M","MESTIZO",24.5,19.6244897959184,"29.5625","PENTECOSTAL","ONCEPERWEEK","EVERYDAY","YES",2,"DONTKNOW","DISAGREE","DISAGREE","DISAGREE",NA,NA,NA,1,4325.2,1,1,1,"altiplano"
"466","F97","HHQ","M","MESTIZO",49.25,24.2389472551902,"39.15","CATHOLIC","AFEWTIMESPERYEAR","EVERYDAY","NO",5,"DISAGREE","DISAGREE","DISAGREE","DISAGREE",NA,NA,NA,6,28314.2,2,1,2,"altiplano"
"467","TGP","KQA","F","MESTIZO",19.0833333333333,20.0444444444444,"21.125","NONE","NEVER","EVERYDAY","YES",5,"DISAGREE","DISAGREE","AGREE","AGREE",NA,NA,NA,1,16305,2,1,1,"altiplano"
